Vanuatu,32,56.81,2011
Tonga,29.08,51.9,2011
Philippinen,24.32,53.93,2011
Salomonen,23.51,64.6,2011
Guatemala,20.88,54.35,2011
Bangladesch,17.45,63.41,2011
Timor-Leste,17.45,67.17,2011
Costa Rica,16.74,39.5,2011
Kambodscha,16.58,62.18,2011
El Salvador,16.49,51.24,2011
Nicaragua,15.74,56.94,2011
Papua-Neuguinea,15.45,66.41,2011
Madagaskar,14.46,69.91,2011
Brunei Darussalam,14.08,38.83,2011
Afghanistan,14.06,76.19,2011
Niger,14.03,75.86,2011
Gambia,13.9,62.63,2011
Bhutan,13.65,55.42,2011
Fidschi,13.57,52.48,2011
Guinea-Bissau,13.12,70.84,2011
Jamaika,12.89,45.85,2011
Tschad,12.25,75.14,2011
Honduras,12.1,55.5,2011
Dominikanische Republik,12,48.17,2011
Chile,11.97,38.31,2011
Mauritius,11.91,40.24,2011
Senegal,11.76,62.9,2011
Indonesien,11.69,57.06,2011
Burkina Faso,11.58,68.46,2011
Burundi,11.56,71.82,2011
Mali,11.51,69.35,2011
Haiti,11.45,71.77,2011
Sierra Leone,11.25,73.5,2011
Vietnam,11.21,50.89,2011
Japan,11.13,28.13,2011
Benin,10.9,67.24,2011
Togo,10.4,69.45,2011
Kamerun,10.27,63.29,2011
Albanien,9.98,44.42,2011
Mosambik,9.98,71.95,2011
Mauretanien,9.7,66.59,2011
Simbabwe,9.63,67.33,2011
Guinea,9.49,71.13,2011
Kap Verde,9.47,54.86,2011
Usbekistan,9.37,54.25,2011
Ghana,9.35,59.66,2011
Suriname,9.25,47.4,2011
Sudan,9.25,67.44,2011
Liberia,9.2,72.33,2011
Nigeria,9.03,67.37,2011
Elfenbeink??ste,9.03,62.27,2011
Guyana,9.02,50.55,2011
Malawi,8.99,65.48,2011
Ecuador,8.69,47.97,2011
Ruanda,8.68,63.32,2011
Tansania,8.64,66.97,2011
Myanmar,8.54,59.02,2011
Kirgisistan,8.48,49.63,2011
Sambia,8.41,65.27,2011
??thiopien,8.27,71.05,2011
Algerien,8.06,48.8,2011
Angola,8.02,62.28,2011
Samoa,7.88,52.69,2011
Lesotho,7.86,63.12,2011
Sri Lanka,7.84,52.14,2011
Pakistan,7.84,63.84,2011
Kenia,7.82,65.75,2011
Kongo,7.71,63.28,2011
Niederlande,7.71,26.37,2011
Panama,7.7,44.56,2011
Indien,7.68,60.55,2011
Uganda,7.57,64.87,2011
Tadschikistan,7.47,55.11,2011
Swasiland,7.37,61.56,2011
Peru,7.24,47.99,2011
Eritrea,7.22,72.88,2011
Zentralafrikanische Republik,7.18,72.42,2011
Marokko,7.17,53.49,2011
Griechenland,7.09,33.94,2011
Dschibuti,7.05,63.29,2011
Georgien,6.97,46.15,2011
Turkmenistan,6.95,50.44,2011
Komoren,6.93,68.6,2011
Armenien,6.9,47.01,2011
Thailand,6.86,46.25,2011
Kolumbien,6.86,49.03,2011
Jemen,6.83,66.76,2011
Aserbaidschan,6.8,48.94,2011
??quatorialguinea,6.72,57.36,2011
Trinidad und Tobago,6.7,41.98,2011
Malaysia,6.69,42.88,2011
Namibia,6.63,56.41,2011
Mexiko,6.53,44.27,2011
Rum??nien,6.43,41.02,2011
China,6.36,49.3,2011
Gabun,6.3,53.34,2011
Bosnien und Herzegowina,6.25,45,2011
Syrien,6.19,54.5,2011
Nepal,6.15,61.69,2011
Venezuela,6.11,45.57,2011
Kuba,5.99,39.49,2011
Belize,5.93,47.14,2011
Mazedonien,5.86,41.03,2011
Laos,5.8,59.78,2011
Irak,5.77,62.87,2011
Tunesien,5.72,46.04,2011
S??dafrika,5.71,46.02,2011
Botsuana,5.56,48.26,2011
Ungarn,5.49,35.73,2011
Serbien,5.44,41.55,2011
T??rkei,5.38,45.57,2011
Bolivien,5.16,55.23,2011
Jordanien,5.13,44.61,2011
Iran,5.11,49.07,2011
Libanon,5.01,45.03,2011
Moldau,4.78,46.74,2011
Italien,4.74,33.54,2011
Bahamas,4.52,40.81,2011
Australien,4.28,29.09,2011
Neuseeland,4.28,27.19,2011
Brasilien,4.26,43.87,2011
Irland,4.15,29.46,2011
Tschechische Republik,4.15,37.75,2011
S??dkorea,4.14,33.55,2011
Paraguay,4.12,53.63,2011
Vereinigte Arabisch Emirate,4.09,38.99,2011
Bulgarien,4.08,36.78,2011
Kasachstan,4.04,41.55,2011
Uruguay,3.94,36.35,2011
Argentinien,3.77,38.8,2011
S??o Tom?? und Pr??ncipe,3.73,59.45,2011
Slowenien,3.72,31.65,2011
Vereinigte Staaten v. A.,3.72,30.98,2011
Kroatien,3.71,33.22,2011
Kuwait,3.71,41.35,2011
Libyen,3.67,48.74,2011
Portugal,3.62,32.85,2011
Vereinigtes K??nigreich,3.61,31.11,2011
Russische F??deration,3.56,39.27,2011
Belgien,3.51,29.66,2011
Zypern,3.46,32.63,2011
Mongolei,3.43,49.13,2011
Polen,3.42,35.62,2011
??sterreich,3.41,25.48,2011
Slowakei,3.38,33.22,2011
Spanien,3.29,30.87,2011
Lettland,3.09,35.63,2011
Ukraine,3.02,41.91,2011
Belarus,2.98,37.15,2011
Deutschland,2.96,26.55,2011
Litauen,2.89,34.43,2011
D??nemark,2.86,27.16,2011
Singapur,2.85,30.97,2011
Oman,2.8,43.6,2011
Frankreich,2.76,28.6,2011
Luxemburg,2.7,26.78,2011
Seychellen,2.68,43.97,2011
Israel,2.6,36.44,2011
Kanada,2.57,28.32,2011
Schweiz,2.55,25.57,2011
Barbados,2.44,35.54,2011
??gypten,2.38,49.62,2011
Grenada,2.29,46.71,2011
Norwegen,2.28,26.09,2011
Estland,2.25,33.15,2011
Finnland,2.06,25.27,2011
Schweden,2,24.57,2011
Kiribati,1.88,56.87,2011
Bahrain,1.66,41.27,2011
Island,1.56,25.01,2011
Saudi-Arabien,1.26,43.3,2011
Malta,0.72,33.34,2011
Katar,0.02,33.18,2011
Vanuatu,36.43,57.23,2013
Tonga,28.23,51.07,2013
Philippinen,27.52,52.46,2013
Guatemala,20.88,57.53,2013
Bangladesch,19.81,62.5,2013
Salomonen,18.11,60.4,2013
Costa Rica,16.94,39.75,2013
Kambodscha,16.9,61.12,2013
El Salvador,16.85,51.69,2013
Timor-Leste,16.37,63.61,2013
Papua-Neuguinea,15.9,63.77,2013
Brunei Darussalam,15.8,38.44,2013
Mauritius,15.18,40.64,2013
Nicaragua,14.89,54.69,2013
Japan,14.1,30.71,2013
Fidschi,13.56,48.93,2013
Guinea-Bissau,13.09,66.58,2013
Vietnam,12.81,50.53,2013
Chile,12.28,39.66,2013
Jamaika,12.15,47.07,2013
Haiti,11.88,73.05,2013
Gambia,11.71,60.69,2013
Guyana,11.65,50.87,2013
Niger,11.62,73.21,2013
Benin,11.32,66.34,2013
Dominikanische Republik,11.28,48.74,2013
Kamerun,11.23,61.71,2013
Madagaskar,11.09,69.18,2013
Tschad,11.06,74.28,2013
Senegal,10.99,62.55,2013
Honduras,10.91,54.51,2013
Kap Verde,10.8,53.31,2013
Indonesien,10.54,54.46,2013
Burundi,10.46,69.17,2013
Sierra Leone,10.37,70.75,2013
Togo,10.34,66.49,2013
Albanien,10.01,47.09,2013
Simbabwe,9.96,66.6,2013
Afghanistan,9.93,75.41,2013
Dschibuti,9.84,60.22,2013
Burkina Faso,9.72,67.86,2013
Myanmar,9.1,61.22,2013
Elfenbeink??ste,8.96,65.58,2013
Mosambik,8.89,69.85,2013
Ghana,8.81,60.79,2013
Niederlande,8.76,28.67,2013
Usbekistan,8.66,53.52,2013
Mali,8.65,68.9,2013
Surinam,8.55,47.2,2013
Kirgisistan,8.43,50.71,2013
Guinea,8.32,69.2,2013
Nigeria,8.32,68.99,2013
Mauretanien,8.26,66.19,2013
Algerien,8.13,51.39,2013
Malawi,8.02,65,2013
Tansania,7.99,66.49,2013
Bhutan,7.98,53.89,2013
Sudan,7.87,66.4,2013
Ecuador,7.77,48.14,2013
Liberia,7.71,70.31,2013
Sri Lanka,7.67,51.83,2013
Swasiland,7.65,59.95,2013
Trinidad und Tobago,7.65,43.6,2013
Kongo,7.57,64.96,2013
Serbien,7.53,41.75,2013
Komoren,7.52,68.56,2013
Panama,7.49,45.5,2013
Sambia,7.46,65.67,2013
Ruanda,7.43,62.01,2013
??thiopien,7.38,66.37,2013
Griechenland,7.36,34.88,2013
Tadschikistan,7.35,56.64,2013
Pakistan,7.21,63.45,2013
Indien,7.17,60.06,2013
Marokko,7.13,53.8,2013
Lesotho,7.09,62.24,2013
Peru,7.08,49.17,2013
Kenia,7.02,65.73,2013
Armenien,6.97,48.04,2013
China,6.91,47.87,2013
Kolumbien,6.9,49.9,2013
Georgien,6.83,46.54,2013
Uganda,6.69,65.82,2013
Belize,6.62,49.7,2013
Rum??nien,6.61,41.95,2013
Turkmenistan,6.57,49.83,2013
Zentralafrikanische Republik,6.57,69.98,2013
Kuba,6.51,37.33,2013
Angola,6.48,63.68,2013
Malaysia,6.45,44.18,2013
Bosnien und Herzegowina,6.42,45.78,2013
Mexiko,6.39,46.17,2013
Eritrea,6.35,74.23,2013
Thailand,6.34,46.26,2013
Aserbaidschan,6.28,47.72,2013
Mazedonien,6.19,43.01,2013
Venezuela,6.16,46.85,2013
Jemen,6.03,66.67,2013
Gabun,5.93,49.63,2013
Tunesien,5.9,47.37,2013
S??dafrika,5.8,48.07,2013
Laos,5.71,59.86,2013
Ungarn,5.69,36.43,2013
Namibia,5.68,54.56,2013
Syrien,5.67,53.74,2013
Nepal,5.53,60.43,2013
T??rkei,5.52,45.06,2013
Botswana,5.37,50.83,2013
Bolivien,5.08,56.64,2013
Libanon,5.05,45.35,2013
Moldawien,5.05,45.45,2013
S??dkorea,4.94,33.19,2013
Iran,4.92,48.25,2013
Jordanien,4.88,46.33,2013
Italien,4.88,35.22,2013
Irak,4.83,59.79,2013
Irland,4.69,31.85,2013
Neuseeland,4.69,30.38,2013
Australien,4.51,29.99,2013
Samoa,4.51,49.58,2013
??quatorialguinea,4.49,54.62,2013
Bulgarien,4.43,38.03,2013
Brasilien,4.26,44.73,2013
Kroatien,4.24,36.81,2013
Uruguay,4.09,36.84,2013
Bahamas,3.99,37.26,2013
Vereinigte Staaten von Amerika,3.99,32.57,2013
Libyen,3.93,50.39,2013
Paraguay,3.85,54.71,2013
Kasachstan,3.84,42.2,2013
Portugal,3.8,34.77,2013
??sterreich,3.8,27.93,2013
Russische F??deration,3.78,40.34,2013
Argentinien,3.76,39.38,2013
Vereinigtes K??nigreich,3.71,32,2013
Kuwait,3.7,40.9,2013
Slowenien,3.69,31.8,2013
Slowakei,3.63,35.59,2013
Tschechische Republik,3.61,33.4,2013
Lettland,3.48,37.57,2013
Polen,3.46,35.35,2013
Belgien,3.42,29.35,2013
Spanien,3.38,33,2013
S??o Tom?? und Pr??ncipe,3.35,57.71,2013
Wei??russland,3.31,39.17,2013
Deutschland,3.24,28.39,2013
Kanada,3.18,31.02,2013
Litauen,3.18,35.78,2013
Ukraine,3.14,41.92,2013
Mongolei,3.1,47.6,2013
D??nemark,3.1,28.54,2013
Frankreich,2.79,30.11,2013
Zypern,2.77,37.25,2013
Oman,2.74,42.68,2013
Luxemburg,2.68,29.33,2013
Schweiz,2.61,27.3,2013
Seychellen,2.58,43.14,2013
Estland,2.52,34.81,2013
Singapur,2.49,31.84,2013
Israel,2.49,38.89,2013
Norwegen,2.35,27.38,2013
??gypten,2.34,49.51,2013
Finnland,2.28,27.8,2013
Schweden,2.26,28.4,2013
Vereinigte Arabische Emirate,2.1,35.47,2013
Bahrain,1.81,42.37,2013
Kiribati,1.78,58.48,2013
Island,1.55,27.35,2013
Grenada,1.44,46.18,2013
Saudi-Arabien,1.32,44.83,2013
Barbados,1.16,33.4,2013
Malta,0.61,37.01,2013
Katar,0.1,36.46,2013
Vanuatu,36.72,57.68,2015
Tonga,28.45,51.47,2015
Philippinen,27.98,53.33,2015
Guatemala,20.1,55.36,2015
Salomonen,19.29,64.34,2015
Bangladesch,19.26,60.76,2015
Costa Rica,17.17,40.29,2015
Kambodscha,16.82,60.84,2015
Papua-Neuguinea,16.82,67.46,2015
El Salvador,16.8,51.53,2015
Timor-Leste,16.23,63.09,2015
Brunei Darussalam,16.15,39.28,2015
Mauritius,14.66,39.25,2015
Nicaragua,14.63,53.75,2015
Guinea-Bissau,13.78,70.09,2015
Fidschi,13.47,48.63,2015
Japan,13.35,29.08,2015
Vietnam,12.89,50.87,2015
Gambia,12.11,62.81,2015
Jamaika,12.07,46.75,2015
Haiti,11.93,73.36,2015
Guyana,11.61,50.7,2015
Niger,11.41,71.87,2015
Benin,11.41,66.84,2015
Dominikanische Republik,11.34,49,2015
Chile,11.2,36.19,2015
Madagaskar,11.16,69.58,2015
Kamerun,11.12,61.13,2015
Tschad,11.05,74.19,2015
Senegal,10.89,62,2015
Honduras,10.7,53.5,2015
Togo,10.59,68.1,2015
Burundi,10.59,70.03,2015
Sierra Leone,10.5,71.67,2015
Indonesien,10.39,53.67,2015
Kap Verde,10.17,50.19,2015
Albanien,10.03,47.19,2015
Dschibuti,9.94,60.86,2015
Simbabwe,9.88,66.04,2015
Afghanistan,9.55,72.49,2015
Burkina Faso,9.48,66.17,2015
Elfenbeink??ste,9.06,66.29,2015
Myanmar,9.01,60.6,2015
Mosambik,8.93,70.16,2015
Mali,8.75,69.69,2015
Ghana,8.65,59.72,2015
Usbekistan,8.56,52.94,2015
Guinea,8.5,70.63,2015
Surinam,8.36,46.13,2015
Niederlande,8.29,27.12,2015
Malawi,8.27,66.98,2015
Kirgisistan,8.25,49.61,2015
Mauretanien,8.14,65.29,2015
Nigeria,8.12,67.39,2015
Sudan,8.02,67.61,2015
Tansania,7.94,66.11,2015
Liberia,7.89,71.97,2015
Bhutan,7.71,52.07,2015
Sambia,7.55,66.46,2015
Swasiland,7.55,59.18,2015
Algerien,7.53,47.58,2015
Trinidad und Tobago,7.48,42.68,2015
Komoren,7.48,68.19,2015
??thiopien,7.45,67.04,2015
Ecuador,7.44,46.07,2015
Sri Lanka,7.37,49.86,2015
Kongo,7.35,63.13,2015
Ruanda,7.32,61.11,2015
Panama,7.3,44.35,2015
Tadschikistan,7.16,55.15,2015
Griechenland,7.06,33.45,2015
Pakistan,7.03,61.91,2015
Zentralafrik. Republik,7.02,74.78,2015
Lesotho,6.97,61.17,2015
Kenia,6.95,65.03,2015
Turkmenistan,6.9,52.31,2015
Serbien,6.89,38.18,2015
Indien,6.88,57.59,2015
Peru,6.82,47.38,2015
China,6.8,47.1,2015
Marokko,6.76,51,2015
Kolumbien,6.72,48.57,2015
Uganda,6.63,65.26,2015
Angola,6.62,65,2015
Belize,6.6,49.6,2015
Georgien,6.55,44.62,2015
Rum??nien,6.5,41.25,2015
Malaysia,6.44,44.1,2015
Thailand,6.38,46.55,2015
Gabun,6.25,52.28,2015
Eritrea,6.23,72.91,2015
Mexiko,6.23,45.01,2015
Bosnien und Herzegowina,6.18,44.06,2015
Armenien,6.18,42.57,2015
Mazedonien,6.14,42.7,2015
Kuba,6.12,35.09,2015
Jemen,6,66.32,2015
Aserbaidschan,5.98,45.42,2015
Venezuela,5.89,44.8,2015
Laos,5.67,59.38,2015
Syrien,5.59,52.97,2015
Namibia,5.59,53.71,2015
Tunesien,5.46,43.86,2015
Botswana,5.43,51.48,2015
S??dafrika,5.43,44.94,2015
Ungarn,5.41,34.68,2015
T??rkei,5.37,43.83,2015
Nepal,5.23,57.09,2015
Libanon,4.96,44.5,2015
Moldawien,4.88,43.91,2015
Iran,4.83,47.44,2015
Bolivien,4.82,53.66,2015
S??dkorea,4.79,32.17,2015
Irak,4.76,58.87,2015
??quatorialguinea,4.69,57.08,2015
Jordanien,4.68,44.44,2015
Italien,4.54,32.75,2015
Irland,4.46,30.28,2015
Bulgarien,4.26,36.51,2015
Neuseeland,4.23,27.42,2015
Kroatien,4.21,36.55,2015
Bahamas,4.21,39.36,2015
Brasilien,4.21,44.23,2015
Australien,3.98,26.48,2015
Libyen,3.95,50.64,2015
Uruguay,3.93,35.41,2015
Vereinigte Staaten v. A.,3.87,31.58,2015
Russische F??deration,3.84,41,2015
Kasachstan,3.67,40.3,2015
Paraguay,3.65,51.97,2015
Argentinien,3.62,37.91,2015
??sterreich,3.61,26.53,2015
Vereinigtes K??nigreich,3.58,30.88,2015
Slowenien,3.57,30.8,2015
Portugal,3.56,32.56,2015
Slowakei,3.52,34.47,2015
Tschechische Republik,3.46,31.95,2015
Lettland,3.42,36.89,2015
Polen,3.27,33.45,2015
Belgien,3.26,27.98,2015
Kuwait,3.26,36.01,2015
Kanada,3.14,30.68,2015
Spanien,3.1,30.31,2015
Ukraine,3.09,41.14,2015
Wei??russland,3.07,36.28,2015
Deutschland,3,26.32,2015
Litauen,2.98,33.52,2015
Mongolei,2.96,45.33,2015
D??nemark,2.95,27.15,2015
Zypern,2.76,37.11,2015
Frankreich,2.76,29.78,2015
Oman,2.75,42.82,2015
Seychellen,2.56,42.79,2015
Luxemburg,2.46,27.02,2015
Schweiz,2.46,25.73,2015
Estland,2.42,33.46,2015
Israel,2.39,37.26,2015
Norwegen,2.28,26.51,2015
??gypten,2.26,47.89,2015
Finnland,2.26,27.59,2015
Singapur,2.24,28.62,2015
Schweden,2.22,27.89,2015
Ver. Arabische Emirate,1.84,31.08,2015
Bahrain,1.76,41.21,2015
Kiribati,1.73,56.68,2015
Island,1.55,27.34,2015
Grenada,1.44,46.23,2015
Barbados,1.22,35.27,2015
Saudi-Arabien,1.1,37.55,2015
Malta,0.62,37.76,2015
Katar,0.08,30.13,2015
Vanuatu,36.5,57.34,2014
Philippines,28.25,53.85,2014
Tonga,28.23,51.08,2014
Guatemala,20.68,56.98,2014
Bangladesh,19.37,61.1,2014
Solomon Islands,19.18,63.98,2014
Costa Rica,17.33,40.68,2014
El Salvador,17.12,52.52,2014
Cambodia,17.12,61.9,2014
Papua New Guinea,16.74,67.15,2014
Timor-Leste,16.41,63.76,2014
Brunei Darussalam,16.23,39.48,2014
Nicaragua,14.87,54.63,2014
Mauritius,14.78,39.56,2014
Guinea-Bissau,13.75,69.94,2014
Fiji,13.65,49.28,2014
Japan,13.38,29.14,2014
Viet Nam,13.09,51.64,2014
Gambia,12.23,63.39,2014
Jamaica,12.2,47.27,2014
Haiti,12,73.79,2014
Guyana,11.81,51.56,2014
Dominican Republic,11.5,49.69,2014
Niger,11.45,72.12,2014
Benin,11.42,66.89,2014
Chile,11.3,36.53,2014
Chad,11.28,75.72,2014
Cameroon,11.2,61.59,2014
Madagascar,11.2,69.86,2014
Senegal,10.96,62.4,2014
Honduras,10.8,53.99,2014
Burundi,10.59,70,2014
Sierra Leone,10.57,72.1,2014
Indonesia,10.55,54.48,2014
Togo,10.47,67.31,2014
Cape Verde,10.32,50.95,2014
Albania,10.17,47.87,2014
Zimbabwe,10.01,66.92,2014
Djibouti,9.93,60.75,2014
Afghanistan,9.71,73.73,2014
Burkina Faso,9.62,67.17,2014
Cote d'Ivoire,9.29,67.95,2014
Myanmar,9.14,61.48,2014
Mozambique,9.03,70.89,2014
Mali,8.85,70.52,2014
Ghana,8.77,60.56,2014
Uzbekistan,8.67,53.61,2014
Guinea,8.53,70.94,2014
Suriname,8.42,46.48,2014
Kyrgyzstan,8.33,50.1,2014
Netherlands,8.25,26.98,2014
Nigeria,8.24,68.33,2014
Malawi,8.21,66.53,2014
Mauritania,8.17,65.51,2014
United Republic of Tanzania,8.11,67.51,2014
Sudan,8.08,68.15,2014
Liberia,7.9,72.03,2014
Bhutan,7.83,52.86,2014
Swaziland,7.66,60.03,2014
Algeria,7.63,48.24,2014
Ecuador,7.63,47.23,2014
Zambia,7.61,66.95,2014
Ethiopia,7.57,68.12,2014
Congo,7.53,64.66,2014
Trinidad and Tobago,7.49,42.74,2014
Comoros,7.44,67.82,2014
Sri Lanka,7.43,50.26,2014
Panama,7.41,45.03,2014
Rwanda,7.3,60.9,2014
Tajikistan,7.17,55.22,2014
Greece,7.1,33.62,2014
Pakistan,7.07,62.24,2014
India,7.04,58.91,2014
Lesotho,7.03,61.65,2014
Kenya,7,65.54,2014
Serbia,6.91,38.3,2014
Peru,6.91,48,2014
China,6.9,47.79,2014
Colombia,6.83,49.34,2014
Morocco,6.8,51.34,2014
Georgia,6.8,46.3,2014
Central African Republic,6.78,72.22,2014
Turkmenistan,6.76,51.24,2014
Uganda,6.69,65.9,2014
Angola,6.67,65.51,2014
Belize,6.59,49.52,2014
Romania,6.55,41.52,2014
Malaysia,6.51,44.6,2014
Cuba,6.42,36.79,2014
Thailand,6.38,46.61,2014
Mexico,6.27,45.27,2014
Gabon,6.26,52.41,2014
Eritrea,6.26,73.18,2014
Armenia,6.21,42.78,2014
Bosnia and Herzegovina,6.2,44.26,2014
T. f. Yugo. Rep. of Macedonia,6.14,42.7,2014
Yemen,6.07,67.18,2014
Azerbaijan,6.04,45.9,2014
Venezuela,5.85,44.48,2014
Lao People's Democratic Republic,5.75,60.21,2014
Namibia,5.61,53.92,2014
Syrian Arab Republic,5.58,52.82,2014
Tunisia,5.47,43.96,2014
Hungary,5.46,34.96,2014
Botswana,5.45,51.62,2014
South Africa,5.38,44.55,2014
Turkey,5.34,43.59,2014
Nepal,5.29,57.73,2014
Bolivia,5.04,56.14,2014
Lebanon,5.01,44.94,2014
Republic of Moldova,4.92,44.31,2014
Iran,4.88,47.92,2014
Iraq,4.84,59.82,2014
Korea Republic of,4.8,32.26,2014
Jordan,4.75,45.09,2014
Equatorial Guinea,4.71,57.28,2014
Ireland,4.52,30.64,2014
Italy,4.48,32.36,2014
Brazil,4.3,45.09,2014
Croatia,4.28,37.13,2014
Bulgaria,4.21,36.08,2014
New Zealand,4.2,27.22,2014
Bahamas,4.19,39.09,2014
Uruguay,4,36.05,2014
Libyan Arab Jamahiriya,4,51.27,2014
Australia,3.93,26.1,2014
United States,3.88,31.67,2014
Russia,3.85,41.05,2014
Kazakhstan,3.74,41.09,2014
Paraguay,3.74,53.18,2014
Argentina,3.68,38.55,2014
Slovenia,3.64,31.42,2014
Portugal,3.61,33.01,2014
Austria,3.58,26.31,2014
Slovakia,3.57,34.92,2014
United Kingdom,3.54,30.49,2014
Czech Republic,3.46,32.02,2014
Latvia,3.45,37.3,2014
Belgium,3.41,29.23,2014
Kuwait,3.34,36.98,2014
Poland,3.28,33.51,2014
Spain,3.2,31.27,2014
Canada,3.14,30.61,2014
Belarus,3.12,36.89,2014
Ukraine,3.11,41.42,2014
Lithuania,3.01,33.91,2014
Germany,3.01,26.37,2014
Mongolia,3,46.07,2014
Denmark,2.93,27,2014
Cyprus,2.76,37.13,2014
Oman,2.74,42.75,2014
France,2.69,29.08,2014
Luxembourg,2.52,27.66,2014
Seychelles,2.51,41.86,2014
Switzerland,2.48,25.98,2014
Estonia,2.43,33.57,2014
Israel,2.38,37.2,2014
Norway,2.31,26.86,2014
Egypt,2.29,48.56,2014
Singapore,2.25,28.78,2014
Finland,2.24,27.38,2014
Sweden,2.19,27.49,2014
United Arab Emirates,1.91,32.27,2014
Bahrain,1.78,41.56,2014
Kiribati,1.72,56.45,2014
Iceland,1.56,27.46,2014
Grenada,1.44,46.15,2014
Barbados,1.21,34.95,2014
Saudi Arabia,1.17,39.82,2014
Malta,0.62,37.67,2014
Qatar,0.08,30.3,2014
Vanuatu,47.73,57.82,2021
Salomonen,31.16,60.95,2021
Tonga,30.51,47.95,2021
Dominica,27.42,44.41,2021
Antigua und Barbuda,27.28,40.28,2021
Brunei Darussalam,22.77,39.14,2021
Guyana,21.83,49.69,2021
Philippinen,21.39,50.11,2021
Papua-Neuguinea,20.9,68.27,2021
Guatemala,20.23,54.98,2021
Kap Verde,17.72,47.59,2021
Costa Rica,17.06,38.54,2021
Bangladesch,16.23,57.74,2021
Fidschi,16.06,46.55,2021
Kambodscha,15.8,58.76,2021
Timor-Leste,15.75,55.73,2021
Dschibuti,15.48,60.03,2021
El Salvador,15.32,48.46,2021
Kiribati,15.14,57.34,2021
Komoren,14.91,63.13,2021
Haiti,14.54,67.91,2021
Nicaragua,14.12,54.25,2021
Niger,13.9,72.15,2021
Guinea-Bissau,13.39,70.92,2021
Kamerun,13.07,64.21,2021
Nigeria,12.66,64.46,2021
Uruguay,12.53,34.83,2021
Gambia,12.4,62.78,2021
Jamaika,12.02,46.37,2021
Tschad,11.94,75.75,2021
Benin,11.71,65.33,2021
Dominikanische Republik,11.49,46.48,2021
Chile,11.32,34.83,2021
Honduras,11.23,54.35,2021
Burkina Faso,11.19,67.48,2021
Togo,10.99,66.23,2021
Mali,10.71,68.64,2021
Indonesien,10.67,50.1,2021
Madagaskar,10.44,69.71,2021
Burundi,10.42,70.02,2021
Kenia,10.33,62.13,2021
Angola,10.28,65.86,2021
Vietnam,10.27,46.6,2021
Elfenbeink??ste,9.98,64.1,2021
Senegal,9.79,59.31,2021
Japan,9.66,25.09,2021
Sierra Leone,9.4,68.87,2021
Ghana,9.32,56.88,2021
Simbabwe,9.3,64.11,2021
Mosambik,9.11,68.73,2021
Mauritius,9.04,37.92,2021
Tansania,8.94,64,2021
Malawi,8.94,66.98,2021
Liberia,8.92,66.17,2021
Ecuador,8.82,47.05,2021
Demokratische Rep. Kongo,8.78,74.04,2021
Trinidad und Tobago,8.67,38.41,2021
Guinea,8.65,68.08,2021
Uganda,8.64,67.07,2021
Sudan,8.47,64.49,2021
Albanien,8.23,41.63,2021
Mauretanien,8.2,62.37,2021
Afghanistan,8.18,66.63,2021
Belize,8.03,47.97,2021
Venezuela,7.99,49.86,2021
Niederlande,7.98,25.13,2021
??thiopien,7.93,67.52,2021
Usbekistan,7.91,48.56,2021
Eswatini,7.85,57.98,2021
Panama,7.76,43.74,2021
Malaysia,7.73,40.49,2021
Sambia,7.72,63.67,2021
Algerien,7.66,46.14,2021
Zentralafrikanische Republik,7.64,75.83,2021
Sri Lanka,7.55,47.19,2021
Ruanda,7.55,61.04,2021
Surinam,7.38,48.41,2021
??quatorialguinea,7.29,57.28,2021
Kirgisistan,7.25,43.96,2021
Myanmar,7.25,56.11,2021
F??d. Staaten von Mikronesien,7.11,50.71,2021
Griechenland,6.93,31.18,2021
Eritrea,6.87,71.09,2021
Kongo,6.84,64.76,2021
Pakistan,6.8,56.88,2021
Montenegro,6.75,37.92,2021
Peru,6.75,45.26,2021
Kolumbien,6.72,45.32,2021
Lesotho,6.66,59.98,2021
Indien,6.65,53.09,2021
Gabun,6.6,51.79,2021
Thailand,6.52,44.06,2021
S??dafrika,6.46,47.93,2021
Mexiko,6.03,42.44,2021
China,5.87,41.08,2021
Namibia,5.86,51.89,2021
Tunesien,5.85,44.74,2021
Turkmenistan,5.85,47.72,2021
Tadschikistan,5.84,48.06,2021
Nordmazedonien,5.82,40.21,2021
Marokko,5.82,48,2021
Aserbaidschan,5.81,40.9,2021
Syrien,5.8,54.54,2021
Irak,5.8,55.77,2021
Kuba,5.75,35.26,2021
Jemen,5.72,69.12,2021
Rum??nien,5.71,37.11,2021
Georgien,5.69,37.56,2021
Samoa,5.54,48.32,2021
Libanon,5.49,47.31,2021
Serbien,5.42,39.14,2021
Armenien,5.4,37.92,2021
T??rkei,5.11,40.65,2021
Ungarn,5.07,33.25,2021
Iran,5.03,46.15,2021
Brasilien,4.97,43.8,2021
Neuseeland,4.96,28.2,2021
Seychellen,4.89,40.97,2021
Italien,4.74,31.58,2021
Bolivien,4.71,49.67,2021
Bosnien und Herzegowina,4.68,43.01,2021
Nepal,4.66,54.76,2021
Australien,4.54,25.12,2021
St. Lucia,4.52,45.96,2021
Irland,4.49,26.9,2021
Laos,4.46,55.64,2021
Kuwait,4.32,36.28,2021
Bahamas,4.27,36.74,2021
Kroatien,4.16,34.55,2021
Bulgarien,4.16,34.9,2021
Jordanien,4.11,44.47,2021
Moldawien,4,41.51,2021
Ver. Staaten von Amerika,3.98,30.58,2021
Botswana,3.94,47.86,2021
Spanien,3.62,30.73,2021
Paraguay,3.56,47.98,2021
Russische F??deration,3.53,37.21,2021
Portugal,3.52,30.38,2021
Argentinien,3.52,36.63,2021
Vereinigtes K??nigreich,3.51,27.92,2021
Kasachstan,3.48,37.29,2021
Libyen,3.47,47.12,2021
Slowenien,3.42,30.04,2021
Slowakei,3.33,32.97,2021
Bhutan,3.25,47.12,2021
Zypern,3.21,35.78,2021
Vereinigte Arabische Emirate,3.14,29.97,2021
S??dkorea,3.13,27.45,2021
Polen,3.07,32.46,2021
??sterreich,3.06,23.41,2021
Tschechische Republik,3.06,28.46,2021
Lettland,3.01,34.21,2021
Mongolei,2.98,43.09,2021
Bahrain,2.93,39.94,2021
Norwegen,2.87,26.48,2021
Kanada,2.81,27.1,2021
Israel,2.81,33.3,2021
D??nemark,2.79,23.43,2021
Ukraine,2.72,39.36,2021
Belgien,2.71,23.79,2021
Deutschland,2.66,23.12,2021
Belarus,2.64,32.96,2021
S??o Tom?? and Pr??ncipe,2.57,56.6,2021
Oman,2.54,42.02,2021
Luxemburg,2.53,26.41,2021
Frankreich,2.51,26.06,2021
Singapur,2.5,28.1,2021
Schweden,2.25,25.62,2021
Litauen,2.18,29.72,2021
Schweiz,2.04,22.68,2021
Finnland,2,24.24,2021
Estland,1.99,30.52,2021
??gypten,1.82,48.33,2021
Island,1.71,23.95,2021
Malediven,1.69,40.39,2021
Barbados,1.37,37.96,2021
Grenada,1.06,43.98,2021
Saudi-Arabien,0.94,36.46,2021
St. Vincent u. die Grenadinen,0.7,43,2021
Malta,0.69,29.96,2021
Katar,0.3,34.8,2021
Vanuatu,36.45,57.26,2017
Tonga,28.57,51.7,2017
Philippinen,27.69,52.78,2017
Guatemala,20.46,56.36,2017
Bangladesch,19.57,61.72,2017
Salomonen,18.77,62.62,2017
Costa Rica,17.16,40.28,2017
Kambodscha,16.92,61.18,2017
El Salvador,16.74,51.36,2017
Timor-Leste,16.37,63.61,2017
Papua-Neuguinea,16.34,65.53,2017
Brunei Darussalam,16.22,39.46,2017
Mauritius,15.11,40.45,2017
Nicaragua,14.88,54.64,2017
Fidschi,13.5,48.74,2017
Guinea-Bissau,13.5,68.7,2017
Japan,13.47,29.33,2017
Vietnam,12.84,50.66,2017
Jamaika,12.08,46.79,2017
Gambia,11.99,62.18,2017
Haiti,11.89,73.11,2017
Chile,11.74,37.93,2017
Guyana,11.65,50.85,2017
Niger,11.53,72.63,2017
Benin,11.39,66.75,2017
Dominikanische Republik,11.34,49.01,2017
Kamerun,11.19,61.52,2017
Madagaskar,11.11,69.3,2017
Tschad,11.07,74.36,2017
Senegal,10.86,61.82,2017
Honduras,10.82,54.09,2017
Kap Verde,10.51,51.89,2017
Indonesien,10.49,54.19,2017
Togo,10.48,67.38,2017
Burundi,10.48,69.3,2017
Sierra Leone,10.45,71.28,2017
Dschibuti,9.99,61.16,2017
Simbabwe,9.96,66.55,2017
Albanien,9.93,46.75,2017
Afghanistan,9.69,73.61,2017
Burkina Faso,9.62,67.17,2017
Myanmar,9.06,60.95,2017
Elfenbeink??ste,9.04,66.12,2017
Mosambik,8.93,70.11,2017
Ghana,8.69,60.03,2017
Mali,8.68,69.14,2017
Usbekistan,8.64,53.4,2017
Surinam,8.48,46.8,2017
Guinea,8.42,70.01,2017
Niederlande,8.41,27.49,2017
Kirgisistan,8.27,49.75,2017
Mauretanien,8.19,65.65,2017
Nigeria,8.19,67.92,2017
Malawi,8.13,65.88,2017
Sudan,7.97,67.2,2017
Tansania,7.96,66.27,2017
Bhutan,7.84,52.93,2017
Liberia,7.84,71.52,2017
Algerien,7.76,49.04,2017
Ecuador,7.66,47.45,2017
Swasiland,7.64,59.91,2017
Trinidad und Tobago,7.56,43.12,2017
Sri Lanka,7.52,50.83,2017
Sambia,7.46,65.67,2017
??thiopien,7.45,67.01,2017
Komoren,7.44,67.78,2017
Panama,7.43,45.15,2017
Kongo,7.4,63.56,2017
Ruanda,7.35,61.32,2017
Serbien,7.23,40.04,2017
Tadschikistan,7.16,55.15,2017
Griechenland,7.11,33.71,2017
Pakistan,7.11,62.54,2017
Lesotho,7.03,61.69,2017
Indien,7,58.62,2017
Kenia,6.94,64.95,2017
Peru,6.91,48.02,2017
Marokko,6.87,51.86,2017
Zentralafrikanische Republik,6.81,72.5,2017
China,6.81,47.18,2017
Kolumbien,6.76,48.84,2017
Uganda,6.66,65.53,2017
Turkmenistan,6.65,50.37,2017
Georgien,6.64,45.21,2017
Belize,6.6,49.57,2017
Angola,6.57,64.55,2017
Armenien,6.49,44.75,2017
Rum??nien,6.47,41.06,2017
Malaysia,6.47,44.27,2017
Kuba,6.35,36.37,2017
Mazedonien,6.35,46.34,2017
Eritrea,6.32,73.98,2017
Bosnien und Herzegowina,6.31,44.99,2017
Mexiko,6.25,45.14,2017
Gabun,6.14,51.36,2017
Thailand,6.12,42.53,2017
Jemen,6.01,66.46,2017
Venezuela,5.99,45.56,2017
Aserbaidschan,5.99,45.49,2017
Laos,5.69,59.6,2017
Syrien,5.64,53.44,2017
Tunesien,5.62,45.19,2017
S??dafrika,5.62,46.52,2017
Namibia,5.59,53.75,2017
Ungarn,5.55,35.56,2017
T??rkei,5.42,44.26,2017
Nepal,5.37,58.67,2017
Botswana,5.32,50.4,2017
Libanon,5.02,45.11,2017
Moldawien,4.98,44.77,2017
Bolivien,4.93,54.92,2017
Iran,4.87,47.78,2017
S??dkorea,4.8,32.25,2017
Irak,4.77,59.05,2017
Jordanien,4.76,45.17,2017
Italien,4.63,33.4,2017
??quatorialguinea,4.56,55.52,2017
Irland,4.56,30.91,2017
Neuseeland,4.42,28.66,2017
Bulgarien,4.34,37.19,2017
Australien,4.24,28.19,2017
Brasilien,4.23,44.43,2017
Kroatien,4.21,36.52,2017
Bahamas,4.14,38.67,2017
Uruguay,4.03,36.33,2017
Ver. Staaten von Amerika,3.9,31.81,2017
Libyen,3.89,49.93,2017
Russische F??deration,3.78,40.28,2017
Kasachstan,3.74,41.03,2017
Paraguay,3.71,52.79,2017
Argentinien,3.69,38.59,2017
Portugal,3.65,33.37,2017
??sterreich,3.63,26.65,2017
Slowenien,3.62,31.25,2017
Vereinigtes K??nigreich,3.6,31.08,2017
Slowakei,3.56,34.85,2017
Tschechische Republik,3.52,32.5,2017
Kuwait,3.46,38.24,2017
Lettland,3.43,37.1,2017
Polen,3.35,34.22,2017
Belgien,3.33,28.54,2017
Spanien,3.23,31.53,2017
Wei??russland,3.19,37.68,2017
Kanada,3.13,30.55,2017
Ukraine,3.1,41.34,2017
Deutschland,3.09,27.13,2017
Mongolei,3.08,47.17,2017
Litauen,3.06,34.49,2017
D??nemark,2.99,27.54,2017
Zypern,2.76,37.04,2017
Frankreich,2.73,29.47,2017
Oman,2.72,42.37,2017
Seychellen,2.56,42.77,2017
Luxemburg,2.55,27.95,2017
Schweiz,2.5,26.19,2017
Estland,2.45,33.83,2017
Israel,2.4,37.42,2017
Singapur,2.36,30.14,2017
??gypten,2.3,48.75,2017
Norwegen,2.29,26.64,2017
Finnland,2.25,27.43,2017
Schweden,2.19,27.47,2017
Vereinigte Arabische Emirate,1.98,33.37,2017
Bahrain,1.77,41.41,2017
Kiribati,1.76,57.69,2017
Island,1.54,27.19,2017
Grenada,1.44,46.12,2017
Barbados,1.21,34.99,2017
Saudi-Arabien,1.21,41.14,2017
Malta,0.61,37.1,2017
Katar,0.09,32.25,2017
Vanuatu,56.71,56.78,2019
Antigua und Barbuda,30.8,44.03,2019
Tonga,29.39,47.86,2019
Salomonen,29.36,60.77,2019
Guyana,22.87,50.84,2019
Papua-Neuguinea,22.18,68.18,2019
Brunei Darussalam,21.68,37.62,2019
Guatemala,20.69,53.65,2019
Philippinen,20.69,49.34,2019
Bangladesch,18.78,57.83,2019
Kap Verde,18.02,47.1,2019
Fidschi,17.83,46.41,2019
Costa Rica,17.37,38.67,2019
Dschibuti,16.46,60.87,2019
Timor-Leste,16.39,58.71,2019
Haiti,16.34,67.56,2019
Kambodscha,15.13,56.42,2019
El Salvador,15.11,47.43,2019
Kiribati,14.64,57.37,2019
Komoren,14.63,62.12,2019
Nicaragua,13.78,53.11,2019
Niger,13.77,71.34,2019
Guinea-Bissau,13.32,70.42,2019
Nigeria,13.11,64.76,2019
Kamerun,12.87,63.33,2019
Uruguay,12.52,34.76,2019
Chile,12.45,36.29,2019
Benin,12.33,65.52,2019
Gambia,12.06,61.99,2019
Jamaika,11.91,45.51,2019
Tschad,11.9,74.78,2019
Dominikanische Republik,11.72,46.18,2019
Honduras,11.39,53.14,2019
Burkina Faso,11.14,67.14,2019
Togo,10.99,65.72,2019
Mali,10.73,68.38,2019
Indonesien,10.58,49.93,2019
Angola,10.56,66.3,2019
Madagaskar,10.49,69.37,2019
Vietnam,10.31,46.83,2019
Kenia,10.3,62.32,2019
Burundi,10.29,69.47,2019
Elfenbeink??ste,10.03,64.52,2019
Senegal,9.82,59.59,2019
Sierra Leone,9.61,70.16,2019
Mosambik,9.5,70.44,2019
Mauritius,9.47,39.66,2019
Liberia,9.46,69.69,2019
Trinidad und Tobago,9.44,40.56,2019
Ghana,9.41,56.87,2019
Tansania,9.23,64.14,2019
Simbabwe,9.21,62.59,2019
Afghanistan,9.21,67.11,2019
Japan,9.19,23.6,2019
Malawi,8.94,66.61,2019
Demokratische Rep. Kongo,8.8,73.63,2019
Uganda,8.71,67.81,2019
Guinea,8.68,68.03,2019
Sudan,8.52,64.87,2019
Ecuador,8.48,46.37,2019
Albanien,8.18,40.43,2019
Belize,8.02,46.78,2019
Usbekistan,7.9,48.44,2019
Sambia,7.83,62.98,2019
??thiopien,7.79,66.76,2019
Zentralafrikanische Republik,7.75,76.13,2019
Mauretanien,7.72,62.82,2019
Panama,7.7,43.44,2019
Venezuela,7.68,47.25,2019
Algerien,7.66,45.71,2019
Malaysia,7.61,40.63,2019
F??d. Staaten von Mikronesien,7.52,51.05,2019
Sri Lanka,7.5,46.87,2019
??quatorialguinea,7.48,56.98,2019
Ruanda,7.45,60.54,2019
Suriname,7.36,48.17,2019
Niederlande,7.35,23.15,2019
Kirgisistan,7.28,43.46,2019
Myanmar,7.27,56.34,2019
Pakistan,7.08,56.52,2019
Kongo,7.05,64.71,2019
Eritrea,6.94,72.3,2019
Griechenland,6.89,30.18,2019
Lesotho,6.89,61.74,2019
Indien,6.77,53.82,2019
Gabun,6.74,51.68,2019
Peru,6.65,44.9,2019
Montenegro,6.62,37.18,2019
Kolumbien,6.59,44.72,2019
Swasiland,6.49,58.28,2019
Thailand,6.48,43.93,2019
S??dafrika,6.4,47.27,2019
Tadschikistan,6.24,47.98,2019
Samoa,6.19,47.5,2019
Mexiko,6.01,42.34,2019
Irak,5.95,56.47,2019
Syrien,5.92,54.8,2019
China,5.84,40.52,2019
Marokko,5.83,47.66,2019
Namibia,5.82,51.14,2019
Nordmazedonien,5.81,39.63,2019
Tunesien,5.74,43.99,2019
Aserbaidschan,5.73,39.59,2019
Armenien,5.72,38.96,2019
Kuba,5.7,34.56,2019
Turkmenistan,5.69,46.18,2019
Rum??nien,5.65,36.79,2019
Jemen,5.5,68.47,2019
Georgien,5.48,38.93,2019
Libanon,5.27,45.01,2019
Serbien,5.17,38.32,2019
Seychellen,5.17,41.38,2019
T??rkei,5.06,41.11,2019
Ungarn,4.94,32.33,2019
Iran,4.92,44.58,2019
Nepal,4.92,56.48,2019
Bolivien,4.91,51.05,2019
Brasilien,4.79,42.28,2019
Bosnien und Herzegowina,4.71,41.98,2019
Neuseeland,4.67,26.35,2019
Italien,4.57,30.21,2019
Laos,4.53,55.25,2019
St. Lucia,4.52,44.15,2019
Australien,4.49,24.78,2019
Kuwait,4.49,35.96,2019
Irland,4.37,26.1,2019
Bahamas,4.31,36.36,2019
Botswana,4.28,48.79,2019
Bulgarien,4.08,34.4,2019
Jordanien,4.08,44.23,2019
Moldawien,3.98,41.41,2019
Kroatien,3.96,32.94,2019
Ver. Staaten von Amerika,3.76,28.46,2019
Vereinigte Arabische Emirate,3.66,33.1,2019
Kasachstan,3.56,37.16,2019
Argentinien,3.53,36.78,2019
Russische F??deration,3.52,36.74,2019
Spanien,3.46,29.42,2019
Portugal,3.44,29.7,2019
Slowenien,3.34,28.77,2019
Libyen,3.34,45.32,2019
Paraguay,3.32,47.11,2019
Bhutan,3.31,48.03,2019
Vereinigtes K??nigreich,3.3,26.17,2019
Israel,3.24,34.02,2019
Slowakei,3.2,31.73,2019
S??dkorea,3.08,27.2,2019
Kanada,3.03,29.14,2019
Mongolei,3,42.24,2019
Tschechische Republik,2.99,27.8,2019
Polen,2.97,31.27,2019
Lettland,2.93,33.01,2019
Bahrain,2.89,39.51,2019
??sterreich,2.87,21.75,2019
Zypern,2.87,33.52,2019
Belgien,2.79,24.39,2019
Oman,2.74,40.63,2019
Ukraine,2.66,38.5,2019
D??nemark,2.65,22.49,2019
Wei??russland,2.59,33,2019
Singapur,2.51,27.93,2019
S??o Tom?? and Pr??ncipe,2.49,54.93,2019
Deutschland,2.43,21.11,2019
Frankreich,2.37,24.79,2019
Luxemburg,2.36,24.67,2019
Norwegen,2.34,22.06,2019
Litauen,2.29,29.87,2019
Schweden,2.2,24.95,2019
Malediven,2.08,42.18,2019
Schweiz,2.05,22.73,2019
Estland,2.04,30.06,2019
Finnland,1.94,23.32,2019
??gypten,1.84,46.98,2019
Island,1.71,23.88,2019
Barbados,1.35,36.86,2019
Saudi-Arabien,1.04,35.85,2019
Grenada,1.01,44.58,2019
St. Vincent und d. Grenadinen,0.8,42.86,2019
Malta,0.54,28.14,2019
Katar,0.31,34.35,2019
Vanuatu,49.74,57.32,2020
Tonga,29.72,48.56,2020
Dominica,28.47,45.38,2020
Antigua und Barbuda,27.44,39.82,2020
Salomonen,24.25,60.56,2020
Guyana,22.73,50.6,2020
Brunei Darussalam,22.3,38.7,2020
Papua-Neuguinea,21.12,68.58,2020
Philippinen,20.96,49.55,2020
Guatemala,20.09,55.02,2020
Kap Verde,17.73,47.61,2020
Costa Rica,17.25,39.67,2020
Bangladesch,16.4,57.98,2020
Dschibuti,16.23,60.6,2020
Fidschi,16,46.21,2020
Kambodscha,15.76,58.82,2020
El Salvador,15.33,48.39,2020
Kiribati,14.94,57.36,2020
Komoren,14.88,62.6,2020
Nicaragua,14.67,57.15,2020
Timor-Leste,14.67,56.74,2020
Haiti,14.62,68.23,2020
Niger,13.85,71.9,2020
Guinea-Bissau,13.32,70.64,2020
Nigeria,13.09,66.56,2020
Kamerun,12.97,63.79,2020
Uruguay,12.54,34.56,2020
Gambia,12.44,63.14,2020
Jamaika,12.08,46.39,2020
Chile,12.05,36.07,2020
Tschad,11.83,75.32,2020
Dominikanische Republik,11.57,46.57,2020
Benin,11.46,65.48,2020
Burkina Faso,11.19,67.67,2020
Honduras,11.02,54.43,2020
Togo,10.97,66.11,2020
Mali,10.76,68.65,2020
Madagaskar,10.51,69.48,2020
Angola,10.4,66.1,2020
Indonesien,10.39,49.54,2020
Kenia,10.39,63.1,2020
Burundi,10.34,70.14,2020
Vietnam,10.3,46.76,2020
Elfenbeink??ste,10,64.33,2020
Senegal,9.74,58.97,2020
Japan,9.64,24.93,2020
Trinidad und Tobago,9.6,41.05,2020
Sierra Leone,9.44,68.99,2020
Liberia,9.43,69.52,2020
Ghana,9.37,57.18,2020
Simbabwe,9.32,63.76,2020
Mosambik,9.18,68.97,2020
Mauritius,9.17,38.47,2020
Tansania,8.96,63.95,2020
Malawi,8.89,67.24,2020
Demokratische Rep. Kongo,8.77,74.28,2020
Afghanistan,8.69,66.93,2020
Uganda,8.63,67.29,2020
Guinea,8.62,67.88,2020
Albanien,8.46,42,2020
Sudan,8.45,64.39,2020
Ecuador,8.42,46.88,2020
Panama,7.96,44.13,2020
Belize,7.95,47.24,2020
Niederlande,7.89,24.87,2020
Venezuela,7.88,48.9,2020
Mauretanien,7.85,62.51,2020
??thiopien,7.82,66.93,2020
Usbekistan,7.82,48.39,2020
Sambia,7.81,64.3,2020
Zentralafrikanische Republik,7.79,76.34,2020
Malaysia,7.71,40.46,2020
F??d. Staaten v. Mikronesien,7.59,50.77,2020
Sri Lanka,7.57,47.32,2020
Ruanda,7.56,61.5,2020
Algerien,7.55,45.75,2020
Surinam,7.4,48.04,2020
Kirgisistan,7.3,44.33,2020
??quatorialguinea,7.26,56.83,2020
Griechenland,7.25,31.66,2020
Myanmar,7.18,55.39,2020
Montenegro,6.93,38.24,2020
Kongo,6.81,63.91,2020
Eritrea,6.77,70.17,2020
Gabun,6.73,51.74,2020
Lesotho,6.71,60.17,2020
Pakistan,6.68,56.89,2020
Kolumbien,6.65,45.38,2020
Indien,6.62,52.94,2020
Thailand,6.54,44.13,2020
Swasiland,6.42,57.72,2020
Peru,6.37,45.08,2020
S??dafrika,6.37,47.65,2020
Namibia,6.21,54.66,2020
Syrien,6.03,55.87,2020
Irak,5.99,55.59,2020
Mexiko,5.97,42.39,2020
Samoa,5.87,48.13,2020
Rum??nien,5.86,38.03,2020
Kuba,5.84,35.34,2020
China,5.84,40.85,2020
Tadschikistan,5.83,48.63,2020
Marokko,5.82,47.91,2020
Nordmazedonien,5.81,40.12,2020
Armenien,5.73,39.37,2020
Aserbaidschan,5.72,39.98,2020
Georgien,5.72,39.23,2020
Tunesien,5.7,43.67,2020
Jemen,5.68,69.87,2020
Turkmenistan,5.66,46.22,2020
Seychellen,5.31,42.39,2020
Libanon,5.27,46.08,2020
Serbien,5.25,39.17,2020
Neuseeland,5.11,28.81,2020
Ungarn,5.07,33.28,2020
Iran,5.03,45.85,2020
T??rkei,5.03,40.96,2020
Brasilien,4.91,43.33,2020
Bosnien und Herzegowina,4.8,42.95,2020
Bolivien,4.78,50.01,2020
Nepal,4.77,55.28,2020
Italien,4.75,31.29,2020
St. Lucia,4.7,45.88,2020
Australien,4.54,25.1,2020
Irland,4.5,26.96,2020
Kuwait,4.48,36.01,2020
Laos,4.47,55.76,2020
Bahamas,4.38,37.25,2020
Botswana,4.2,47.59,2020
Bulgarien,4.17,35.12,2020
Kroatien,4.13,34.14,2020
Jordanien,4.13,45.04,2020
Moldawien,4.04,42.1,2020
Ver. Staaten von Amerika,3.9,30.06,2020
Portugal,3.66,31.54,2020
Spanien,3.61,30.77,2020
Kasachstan,3.58,37.54,2020
Russische F??deration,3.55,37.04,2020
Argentinien,3.5,36.7,2020
Vereinigtes K??nigreich,3.46,27.53,2020
Libyen,3.41,46.23,2020
Slowenien,3.41,29.91,2020
Paraguay,3.38,47.99,2020
Slowakei,3.37,33.33,2020
Vereinigte Arabische Emirate,3.3,30.01,2020
S??dkorea,3.14,27.74,2020
??sterreich,3.06,23.18,2020
Polen,3.04,32.14,2020
Tschechische Republik,3,27.89,2020
Zypern,2.99,35.57,2020
Lettland,2.99,33.9,2020
Bhutan,2.97,47.4,2020
Mongolei,2.97,43.15,2020
Israel,2.95,35.27,2020
Bahrain,2.91,39.64,2020
Kanada,2.79,26.89,2020
Oman,2.76,41.18,2020
Ukraine,2.75,39.76,2020
D??nemark,2.74,23.12,2020
Wei??russland,2.67,33.5,2020
Belgien,2.66,23.37,2020
Deutschland,2.63,22.81,2020
S??o Tom?? and Pr??ncipe,2.58,56.74,2020
Singapur,2.57,28.97,2020
Norwegen,2.52,23.25,2020
Luxemburg,2.5,26.18,2020
Frankreich,2.47,25.66,2020
Litauen,2.26,30.71,2020
Schweden,2.2,24.96,2020
Schweiz,2.15,23.9,2020
Malediven,2.12,44.4,2020
Estland,2.03,31.11,2020
Finnland,1.96,23.8,2020
??gypten,1.78,47.98,2020
Island,1.69,23.79,2020
Barbados,1.39,37.94,2020
Saudi-Arabien,1.04,36.07,2020
Grenada,0.97,43.8,2020
St. Vincent u. d. Grenadinen,0.81,43.79,2020
Malta,0.66,29.01,2020
Katar,0.31,34.33,2020
Vanuatu,36.31,57.04,2012
Tonga,28.62,51.78,2012
Philippinen,27.98,53.35,2012
Guatemala,20.75,57.16,2012
Bangladesch,20.22,63.78,2012
Salomonen,18.15,60.55,2012
Costa Rica,17.38,40.8,2012
Kambodscha,17.17,62.07,2012
Timor-Leste,17.13,66.59,2012
El Salvador,16.89,51.82,2012
Brunei Darussalam,15.92,38.72,2012
Papua-Neuguinea,15.81,63.38,2012
Mauritius,15.39,41.21,2012
Nicaragua,15.36,56.43,2012
Fidschi,13.69,49.4,2012
Japan,13.53,29.46,2012
Guinea-Bissau,13.34,67.88,2012
Vietnam,12.88,50.83,2012
Chile,12.26,39.6,2012
Jamaika,12.15,47.06,2012
Haiti,11.96,73.54,2012
Niger,11.93,75.17,2012
Gambia,11.84,61.41,2012
Guyana,11.77,51.4,2012
Dominikanische Republik,11.63,50.23,2012
Kamerun,11.5,63.23,2012
Benin,11.42,66.93,2012
Tschad,11.13,74.74,2012
Senegal,11.08,63.07,2012
Honduras,11.02,55.09,2012
Madagaskar,10.96,68.37,2012
Kap Verde,10.88,53.72,2012
Indonesien,10.74,55.48,2012
Togo,10.64,68.39,2012
Sierra Leone,10.58,72.2,2012
Burundi,10.49,69.32,2012
Dschibuti,9.96,60.98,2012
Albanien,9.96,46.89,2012
Simbabwe,9.87,65.97,2012
Afghanistan,9.79,74.32,2012
Burkina Faso,9.74,68,2012
Myanmar,9.15,61.57,2012
Mosambik,9.09,71.37,2012
Elfenbeink??ste,9,65.84,2012
Ghana,8.85,61.12,2012
Mali,8.76,69.76,2012
Usbekistan,8.71,53.84,2012
Suriname,8.62,47.6,2012
Guinea,8.55,71.05,2012
Kirgisistan,8.5,51.1,2012
Niederlande,8.49,27.76,2012
Mauretanien,8.43,67.55,2012
Nigeria,8.28,68.7,2012
Malawi,8.18,66.25,2012
Bhutan,8.17,55.14,2012
Algerien,8.15,51.48,2012
Tansania,8.11,67.52,2012
Ecuador,7.94,49.19,2012
Sudan,7.88,66.45,2012
Liberia,7.86,71.74,2012
Swasiland,7.84,61.41,2012
??thiopien,7.81,70.21,2012
Sri Lanka,7.79,52.67,2012
Panama,7.69,46.74,2012
Trinidad und Tobago,7.68,43.77,2012
Serbien,7.67,42.52,2012
Ruanda,7.6,63.43,2012
Komoren,7.45,67.91,2012
Sambia,7.44,65.46,2012
Tadschikistan,7.4,56.99,2012
Kongo,7.38,63.37,2012
Griechenland,7.35,34.83,2012
Indien,7.28,60.95,2012
Pakistan,7.25,63.86,2012
Lesotho,7.22,63.33,2012
Marokko,7.21,54.45,2012
Peru,7.18,49.84,2012
China,7.05,48.83,2012
Armenien,7.04,48.49,2012
Kenia,6.96,65.09,2012
Kolumbien,6.89,49.8,2012
Rom??nien,6.78,42.99,2012
Uganda,6.75,66.43,2012
Georgien,6.75,45.94,2012
Zentralafrikanische Republik,6.64,70.69,2012
Bosnien und Herzegowina,6.63,47.31,2012
Belize,6.63,49.81,2012
Angola,6.56,64.45,2012
Kuba,6.55,37.54,2012
Turkmenistan,6.55,49.65,2012
Malaysia,6.53,44.74,2012
Thailand,6.44,47.03,2012
Eritrea,6.44,75.35,2012
Mexiko,6.39,46.15,2012
Mazedonien,6.25,43.47,2012
Gabun,6.2,51.9,2012
Venezuela,6.13,46.62,2012
Aserbaidschan,6.1,46.34,2012
Jemen,5.98,66.13,2012
Tunesien,5.9,47.38,2012
S??dafrika,5.9,48.83,2012
Ungarn,5.87,37.61,2012
Laos,5.73,60.03,2012
Namibia,5.72,54.96,2012
Nepal,5.69,62.19,2012
Syrien,5.68,53.81,2012
T??rkei,5.68,46.35,2012
Moldawien,5.23,47.06,2012
Botswana,5.21,49.4,2012
Bolivien,5.13,57.13,2012
Libanon,5.1,45.75,2012
Iran,4.98,48.85,2012
Irak,4.95,61.2,2012
Jordanien,4.9,46.5,2012
S??dkorea,4.89,32.84,2012
Italien,4.82,34.78,2012
Australien,4.57,30.38,2012
Bulgarien,4.56,39.11,2012
Samoa,4.51,49.58,2012
Irland,4.5,30.54,2012
??quatorialguinea,4.47,54.37,2012
Neuseeland,4.44,28.77,2012
Kroatien,4.35,37.73,2012
Brasilien,4.3,45.18,2012
Bahamas,4.17,38.99,2012
Uruguay,4.12,37.06,2012
Vereinigte Staaten v. A.,3.99,32.57,2012
Kasachstan,3.87,42.47,2012
Paraguay,3.84,54.56,2012
Russische F??deration,3.83,40.84,2012
Portugal,3.82,34.99,2012
Slowenien,3.81,32.86,2012
Argentinien,3.8,39.82,2012
Libyen,3.8,48.7,2012
??sterreich,3.75,27.54,2012
Kuwait,3.71,41.03,2012
Slowakei,3.69,36.13,2012
Tschechische Republik,3.67,33.96,2012
Vereinigtes K??nigreich,3.65,31.49,2012
Polen,3.53,36.05,2012
Lettland,3.51,37.94,2012
Belgien,3.48,29.88,2012
Spanien,3.4,33.28,2012
S??o Tom?? und Pr??ncipe,3.4,58.55,2012
Wei??russland,3.32,39.31,2012
Deutschland,3.27,28.68,2012
Mongolien,3.24,49.66,2012
Litauen,3.23,36.4,2012
Ukraine,3.19,42.56,2012
Kanada,3.18,31.04,2012
D??nemark,3.09,28.42,2012
Zypern,2.81,37.72,2012
Frankreich,2.78,30.05,2012
Oman,2.72,42.48,2012
Luxemburg,2.65,29.11,2012
Seychellen,2.6,43.46,2012
Schweiz,2.59,27.14,2012
Singapur,2.54,32.47,2012
Estland,2.5,34.62,2012
Israel,2.43,37.88,2012
??gypten,2.33,49.38,2012
Norwegen,2.31,26.87,2012
Finnland,2.24,27.41,2012
Schweden,2.15,27.01,2012
Vereinigte Arabische Emirate,2.07,34.84,2012
Bahrain,1.81,42.44,2012
Kiribati,1.78,58.32,2012
Island,1.53,26.98,2012
Grenada,1.46,46.64,2012
Saudi-Arabien,1.31,44.53,2012
Barbados,1.15,33.08,2012
Malta,0.61,36.81,2012
Katar,0.1,36.18,2012
Vanuatu,50.28,58.15,2018
Tonga,29.42,52.61,2018
Philippinen,25.14,50.33,2018
Salomonen,23.29,61.59,2018
Guyana,23.23,50.98,2018
Papua-Neuguinea,20.88,67.24,2018
Guatemala,20.6,53.5,2018
Brunei Darussalam,18.82,35.71,2018
Bangladesch,17.38,58.03,2018
Fidschi,16.58,46.68,2018
Costa Rica,16.56,37.41,2018
Kambodscha,16.07,59.22,2018
Timor-Leste,16.05,59.56,2018
El Salvador,15.95,47.65,2018
Kiribati,15.42,58.47,2018
Mauritius,14.27,38.35,2018
Nicaragua,13.99,53.25,2018
Dschibuti,13.9,63.54,2018
Guinea-Bissau,13.4,71.67,2018
Tschad,11.88,74.7,2018
Haiti,11.86,68.99,2018
Kamerun,11.81,62.96,2018
Kap Verde,11.52,49.38,2018
Sierra Leone,11.49,70.8,2018
Vietnam,11.35,46.98,2018
Niger,11.34,73.23,2018
Jamaika,11.22,45.19,2018
Chile,11.15,35.02,2018
Japan,11.08,23.81,2018
Benin,11.04,66.28,2018
Gambia,10.92,63.65,2018
Madagaskar,10.89,69.68,2018
Dominikanische Republik,10.77,45.94,2018
Senegal,10.51,60.92,2018
Afghanistan,10.45,67.53,2018
Indonesien,10.36,50.38,2018
Angola,10.31,65.63,2018
Simbabwe,10.23,63.36,2018
Honduras,10.19,53.07,2018
Burkina Faso,9.82,67.79,2018
Mali,9.61,68.58,2018
Mosambik,9.52,71.19,2018
Sudan,9.41,63.18,2018
Togo,9.35,65.84,2018
Albanien,9.22,40.38,2018
Tansania,9.01,64.66,2018
Burundi,8.99,69.87,2018
Mauretanien,8.53,63.71,2018
Liberia,8.52,71.49,2018
Ghana,8.43,58.04,2018
Komoren,8.36,63.67,2018
Nigeria,8.34,66.43,2018
Elfenbeink??ste,8.28,64.53,2018
Lesotho,8.2,62.54,2018
Ecuador,8.1,45.94,2018
Malawi,8.02,67.27,2018
Guinea,7.99,68.49,2018
Usbekistan,7.99,48.78,2018
Trinidad und Tobago,7.86,38.43,2018
Belize,7.73,45.89,2018
Sri Lanka,7.65,47.81,2018
Bhutan,7.56,48.82,2018
Algerien,7.54,45.69,2018
Myanmar,7.49,56.29,2018
Niederlande,7.45,23.39,2018
Panama,7.28,42.21,2018
Kirgisistan,7.25,44.21,2018
Surinam,7.2,46.23,2018
??thiopien,7.15,68.24,2018
Ruanda,7.1,61.95,2018
Venezuela,7.03,46.06,2018
Kenia,7,63.56,2018
Uganda,6.9,67.77,2018
Sambia,6.88,63.01,2018
Indien,6.83,54.78,2018
Samoa,6.71,47.53,2018
Serbien,6.68,37.3,2018
Griechenland,6.56,28.46,2018
Kongo,6.52,63.95,2018
Gabun,6.52,51.88,2018
Peru,6.45,44.34,2018
Malaysia,6.44,39.41,2018
Zentralafrikanische Republik,6.44,76.47,2018
Jemen,6.43,69.42,2018
Kolumbien,6.42,43.86,2018
Turkmenistan,6.2,45.86,2018
Marokko,6.13,47.67,2018
Thailand,6.12,43.04,2018
Pakistan,6.11,57.11,2018
Kuba,6.06,35.09,2018
Armenien,6.06,40.03,2018
Mexiko,5.88,41.99,2018
Tadschikistan,5.85,48.88,2018
Swasiland,5.85,58.59,2018
China,5.8,39.98,2018
Namibia,5.79,51.14,2018
S??dafrika,5.75,46.42,2018
Eritrea,5.62,72.38,2018
Mazedonien,5.59,38.92,2018
Syrien,5.53,55.39,2018
Georgien,5.47,38.63,2018
Rum??nien,5.46,35.52,2018
Aserbaidschan,5.46,38.15,2018
Nepal,5.44,57.1,2018
Tunesien,5.41,43.08,2018
Laos,5.3,56.94,2018
??quatorialguinea,5.13,57.18,2018
Ungarn,5.01,32.07,2018
Botswana,4.94,47.56,2018
Irak,4.93,56.55,2018
Libanon,4.75,43.54,2018
T??rkei,4.73,40.33,2018
Neuseeland,4.71,26.5,2018
Bosnien und Herzegowina,4.67,41.01,2018
Seychellen,4.59,39.44,2018
Bolivien,4.58,50.8,2018
Jordanien,4.41,44.12,2018
Australien,4.41,24.77,2018
Bahamas,4.34,35.78,2018
Iran,4.28,43.55,2018
Brasilien,4.25,40.93,2018
Italien,4.12,28.39,2018
Bulgarien,4.09,33.21,2018
Irland,4.06,25.77,2018
Moldawien,3.84,41.85,2018
S??dkorea,3.82,25.68,2018
Libyen,3.66,46.3,2018
Kroatien,3.59,31.21,2018
Kasachstan,3.5,36.36,2018
Russische F??deration,3.42,35.9,2018
Vereinigte Staaten von Amerika,3.42,28.16,2018
Kuwait,3.39,34.84,2018
Uruguay,3.36,33.42,2018
Paraguay,3.35,46.97,2018
Argentinien,3.32,35.74,2018
Vereinigtes K??nigreich,3.31,26.68,2018
Slowenien,3.23,26.98,2018
Portugal,3.13,28.21,2018
Slowakei,3.11,30.69,2018
Tschechische Republik,3.1,27.8,2018
Vereinigte Arabische Emirate,2.99,31.51,2018
Polen,2.94,30.15,2018
??sterreich,2.92,20.97,2018
Lettland,2.9,31.99,2018
Ukraine,2.9,37.98,2018
Spanien,2.8,28.12,2018
Wei??russland,2.77,33.13,2018
Belgien,2.77,24.24,2018
Bahrain,2.73,37.65,2018
Oman,2.69,40.67,2018
D??nemark,2.68,23.23,2018
Kanada,2.63,25.18,2018
Zypern,2.53,32.11,2018
Mongolei,2.46,42.26,2018
Deutschland,2.42,21.36,2018
Litauen,2.38,28.88,2018
Frankreich,2.34,24.66,2018
Singapur,2.31,26.98,2018
Norwegen,2.29,22.21,2018
Estland,2.25,29.56,2018
Schweiz,2.23,22.62,2018
Israel,2.2,32.55,2018
Schweden,2.19,24.33,2018
Luxemburg,2.16,23.33,2018
Finnland,2.06,24.06,2018
??gypten,1.9,48.32,2018
Island,1.61,23.87,2018
Barbados,1.4,34.69,2018
Grenada,1.39,42.7,2018
Saudi-Arabien,1.25,35.09,2018
Malta,0.57,31.02,2018
Katar,0.36,35.48,2018
Vanuatu,36.28,56.99,2016
Tonga,29.33,53.08,2016
Philippines,26.7,50.9,2016
Guatemala,19.88,54.76,2016
Bangladesh,19.17,60.48,2016
Solomon Islands,19.14,63.83,2016
Brunei Darussalam,17,41.36,2016
Costa Rica,17,39.89,2016
Cambodia,16.58,59.96,2016
Papua New Guinea,16.43,65.9,2016
El Salvador,16.05,49.25,2016
Timor-Leste,15.69,60.98,2016
Mauritius,15.53,41.58,2016
Nicaragua,14.62,53.69,2016
Guinea-Bissau,13.56,68.99,2016
Fiji,13.15,47.47,2016
Japan,12.99,28.29,2016
Viet Nam,12.53,49.43,2016
Gambia,12.07,62.58,2016
Jamaica,11.83,45.81,2016
Haiti,11.68,71.85,2016
Chile,11.65,37.66,2016
Benin,11.39,66.76,2016
Guyana,11.39,49.72,2016
Niger,11.24,70.8,2016
Madagascar,11.15,69.52,2016
Dominican Republic,10.96,47.36,2016
Cameroon,10.91,59.95,2016
Chad,10.85,72.86,2016
Honduras,10.68,53.36,2016
Cape Verde,10.39,51.29,2016
Senegal,10.38,59.08,2016
Togo,10.36,66.62,2016
Djibouti,10.3,63.01,2016
Burundi,10.28,67.98,2016
Indonesia,10.24,52.87,2016
Sierra Leone,10.21,69.69,2016
Zimbabwe,10.06,67.24,2016
Burkina Faso,9.54,66.65,2016
Albania,9.5,44.71,2016
Afghanistan,9.5,72.12,2016
Myanmar,8.9,59.86,2016
Cote d'Ivoire,8.88,64.94,2016
Mozambique,8.69,68.28,2016
Uzbekistan,8.59,53.1,2016
Suriname,8.44,46.6,2016
Ghana,8.39,57.94,2016
Mali,8.39,66.84,2016
Netherlands,8.24,26.94,2016
Guinea,8.2,68.21,2016
Sudan,7.99,67.37,2016
Nigeria,7.98,66.22,2016
Malawi,7.98,64.66,2016
Mauritania,7.95,63.71,2016
Kyrgyzstan,7.86,47.26,2016
Liberia,7.84,71.54,2016
United Republic of Tanzania,7.65,63.7,2016
Ecuador,7.53,46.63,2016
Swaziland,7.52,58.95,2016
Bhutan,7.51,50.7,2016
Trinidad and Tobago,7.5,42.79,2016
Algeria,7.36,46.52,2016
Sri Lanka,7.32,49.52,2016
Comoros,7.29,66.43,2016
Panama,7.26,44.15,2016
Zambia,7.25,63.81,2016
Congo,7.19,61.69,2016
Serbia,7.12,39.46,2016
Rwanda,7.09,59.15,2016
Ethiopia,7.04,63.33,2016
Central African Republic,7.03,74.8,2016
Pakistan,6.96,61.26,2016
Lesotho,6.84,60.05,2016
Kenya,6.77,63.34,2016
Tajikistan,6.72,51.75,2016
Greece,6.7,31.76,2016
India,6.64,55.6,2016
Peru,6.59,45.74,2016
Belize,6.55,49.22,2016
Uganda,6.52,64.21,2016
Angola,6.52,64.08,2016
Morocco,6.45,48.7,2016
Colombia,6.45,46.62,2016
Turkmenistan,6.44,48.82,2016
China,6.39,44.29,2016
Malaysia,6.39,43.76,2016
Eritrea,6.35,74.23,2016
Georgia,6.27,42.67,2016
Thailand,6.19,45.22,2016
Cuba,6.13,35.1,2016
Bosnia and Herzegovina,6.1,43.53,2016
Armenia,6.07,41.85,2016
Gabon,6.04,50.57,2016
Yemen,5.97,66.01,2016
Mexico,5.97,43.1,2016
Venezuela,5.93,45.06,2016
Romania,5.92,37.56,2016
Republic of Macedonia,5.87,40.78,2016
Syrian Arab Republic,5.69,53.85,2016
Lao People's Democ. Republic,5.59,58.51,2016
South Africa,5.58,46.22,2016
Azerbaijan,5.54,42.09,2016
Tunisia,5.4,43.4,2016
Namibia,5.37,51.6,2016
Hungary,5.32,34.1,2016
Turkey,5.2,42.44,2016
Botswana,5.14,48.66,2016
Nepal,5.12,55.91,2016
Lebanon,5.01,44.99,2016
Republic of Moldova,4.79,43.11,2016
Iran (Islamic Republic of),4.73,46.45,2016
Ireland,4.6,31.23,2016
Korea Republic of 4.59,14.89,14.31,2016
Bolivia,4.58,51.05,2016
Jordan,4.58,43.47,2016
New Zealand,4.55,29.48,2016
Iraq,4.49,55.55,2016
Equatorial Guinea,4.46,54.22,2016
Italy,4.42,31.88,2016
Bulgaria,4.22,36.22,2016
Australia,4.22,28.01,2016
Bahamas,4.14,38.64,2016
Brazil,4.09,42.92,2016
Uruguay,4.03,36.29,2016
Croatia,3.97,34.4,2016
Libyan Arab Jamahiriya,3.79,48.65,2016
United States,3.76,30.68,2016
Russia,3.58,38.15,2016
Argentina,3.56,37.29,2016
Kazakhstan,3.56,39.09,2016
United Kingdom,3.54,30.54,2016
Paraguay,3.48,49.53,2016
Portugal,3.45,31.53,2016
Slovenia,3.41,29.38,2016
Austria,3.39,24.93,2016
Slovakia,3.39,33.15,2016
Czech Republic,3.37,31.17,2016
Latvia,3.31,35.8,2016
Kuwait,3.28,36.28,2016
Poland,3.2,32.72,2016
Belarus,3.11,36.74,2016
Mongolia,3.08,47.22,2016
Belgium,3.07,26.28,2016
Spain,3.05,29.79,2016
Canada,3.01,29.42,2016
Ukraine,2.97,39.66,2016
Germany,2.95,25.87,2016
Lithuania,2.92,32.85,2016
Denmark,2.89,26.57,2016
Cyprus,2.68,35.97,2016
Oman,2.64,41.11,2016
France,2.62,28.35,2016
Seychelles,2.55,42.59,2016
Luxembourg,2.43,26.63,2016
Switzerland,2.37,24.79,2016
Estonia,2.36,32.7,2016
Israel,2.3,35.88,2016
Egypt,2.29,48.41,2016
Singapore,2.27,28.99,2016
Finland,2.21,26.98,2016
Norway,2.19,25.55,2016
Sweden,2.12,26.55,2016
United Arab Emirates,1.97,33.19,2016
Kiribati,1.78,58.5,2016
Bahrain,1.69,39.48,2016
Iceland,1.52,26.84,2016
Grenada,1.42,45.39,2016
Barbados,1.32,38.26,2016
Saudi Arabia,1.14,38.96,2016
Malta,0.6,36.25,2016
Qatar,0.08,28.18,2016
