Vanuatu,2011,1.446
Tonga,2011,0.234
Philippinen,2011,1.308
Salomonen,2011,0.457
Guatemala,2011,1.101
Bangladesch,2011,1.607
Timor-Leste,2011,1.568
Costa Rica,2011,1.58
Kambodscha,2011,0.96
El Salvador,2011,0.544
Nicaragua,2011,1.421
Papua-Neuguinea,2011,1.108
Madagaskar,2011,1.568
Brunei Darussalam,2011,1.444
Afghanistan,2011,1.322
Niger,2011,1.665
Gambia,2011,1.601
Bhutan,2011,1.269
Fidschi,2011,2.146
Guinea-Bissau,2011,1.823
Jamaika,2011,1.623
Tschad,2011,1.682
Honduras,2011,1.39
Dominikanische Republik,2011,1.128
Chile,2011,1.173
Mauritius,2011,1.676
Senegal,2011,1.101
Indonesien,2011,1.736
Burkina Faso,2011,1.498
Burundi,2011,1.211
Mali,2011,1.094
Haiti,2011,1.913
Sierra Leone,2011,2.317
Vietnam,2011,0.642
Japan,2011,0.646
Benin,2011,0.883
Togo,2011,0.554
Kamerun,2011,0.394
Albanien,2011,0.924
Mosambik,2011,0.82
Mauretanien,2011,0.574
Simbabwe,2011,0.924
Guinea,2011,0.815
Kap Verde,2011,0.653
Usbekistan,2011,1.617
Ghana,2011,1.196
Suriname,2011,0.757
Sudan,2011,1.857
Liberia,2011,1.546
Nigeria,2011,1.83
Elfenbeink??ste,2011,1.771
Guyana,2011,1.761
Malawi,2011,1.813
Ecuador,2011,2.401
Ruanda,2011,1.367
Tansania,2011,0.923
Myanmar,2011,0.576
Kirgisistan,2011,1.09
Sambia,2011,0.879
??thiopien,2011,1.43
Algerien,2011,1.847
Angola,2011,1.064
Samoa,2011,1.504
Lesotho,2011,1.975
Sri Lanka,2011,1.387
Pakistan,2011,1.631
Kenia,2011,0.507
Kongo,2011,0.652
Niederlande,2011,0.778
Panama,2011,0.821
Indien,2011,1.07
Uganda,2011,1.164
Tadschikistan,2011,0.98
Swasiland,2011,0.728
Peru,2011,0.861
Eritrea,2011,1.246
Zentralafrikanische Republik,2011,0.91
Marokko,2011,0.749
Griechenland,2011,-0.202
Dschibuti,2011,1.738
Georgien,2011,0.556
Turkmenistan,2011,-0.023
Komoren,2011,0.238
Armenien,2011,0.78
Thailand,2011,1.451
Kolumbien,2011,0.658
Jemen,2011,0.798
Aserbaidschan,2011,-0.593
??quatorialguinea,2011,0.576
Trinidad und Tobago,2011,0.682
Malaysia,2011,0.766
Namibia,2011,0.723
Mexiko,2011,1.032
Rum??nien,2011,1.105
China,2011,0.965
Gabun,2011,0.694
Bosnien und Herzegowina,2011,0.806
Syrien,2011,1.141
Nepal,2011,0.873
Venezuela,2011,0.36
Kuba,2011,0.787
Belize,2011,0.437
Mazedonien,2011,0.951
Laos,2011,0.953
Irak,2011,0.492
Tunesien,2011,1.1
S??dafrika,2011,0.876
Botsuana,2011,0.756
Ungarn,2011,1.109
Serbien,2011,1.011
T??rkei,2011,0.676
Bolivien,2011,1.272
Jordanien,2011,1.407
Iran,2011,1.258
Libanon,2011,1.921
Moldau,2011,1.339
Italien,2011,0.901
Bahamas,2011,2.781
Australien,2011,1.853
Neuseeland,2011,1.966
Brasilien,2011,2.212
Irland,2011,0.354
Tschechische Republik,2011,0.554
S??dkorea,2011,1.017
Paraguay,2011,0.804
Vereinigte Arabisch Emirate,2011,1.604
Bulgarien,2011,0.781
Kasachstan,2011,1.177
Uruguay,2011,0.817
Argentinien,2011,1.152
S??o Tom?? und Pr??ncipe,2011,1.479
Slowenien,2011,1.806
Vereinigte Staaten v. A.,2011,0.156
Kroatien,2011,0.258
Kuwait,2011,1.459
Libyen,2011,1.166
Portugal,2011,1.062
Vereinigtes K??nigreich,2011,1.145
Russische F??deration,2011,1.122
Belgien,2011,1.112
Zypern,2011,1.411
Mongolei,2011,1.404
Polen,2011,0.589
??sterreich,2011,1.381
Slowakei,2011,1.791
Spanien,2011,1.103
Lettland,2011,2.427
Ukraine,2011,2.183
Belarus,2011,2.111
Deutschland,2011,1.753
Litauen,2011,2.535
D??nemark,2011,2.369
Singapur,2011,2.32
Oman,2011,1.397
Frankreich,2011,0.768
Luxemburg,2011,1.475
Seychellen,2011,1.565
Israel,2011,1.242
Kanada,2011,1.667
Schweiz,2011,1.455
Barbados,2011,1.306
??gypten,2011,2.252
Grenada,2011,2.012
Norwegen,2011,2.038
Estland,2011,2.109
Finnland,2011,0.453
Schweden,2011,0.452
Kiribati,2011,0.677
Bahrain,2011,0.994
Island,2011,1.23
Saudi-Arabien,2011,1.164
Malta,2011,1.456
Katar,2011,1.168
Vanuatu,2013,1.585
Tonga,2013,1.693
Philippinen,2013,0.688
Guatemala,2013,1.207
Bangladesch,2013,1.152
Salomonen,2013,1.274
Costa Rica,2013,1.67
Kambodscha,2013,2.212
El Salvador,2013,1.489
Timor-Leste,2013,1.95
Papua-Neuguinea,2013,2.11
Brunei Darussalam,2013,1.986
Mauritius,2013,1.982
Nicaragua,2013,2.427
Japan,2013,0.176
Fidschi,2013,0.343
Guinea-Bissau,2013,0.267
Vietnam,2013,0.482
Chile,2013,0.699
Jamaika,2013,1.273
Haiti,2013,1.085
Gambia,2013,0.866
Guyana,2013,1.109
Niger,2013,0.915
Benin,2013,1.315
Dominikanische Republik,2013,0.615
Kamerun,2013,0.432
Madagaskar,2013,0.786
Tschad,2013,0.447
Senegal,2013,0.983
Honduras,2013,0.935666667
Kap Verde,2013,1.034166667
Indonesien,2013,0.775
Burundi,2013,1.111
Sierra Leone,2013,1.033
Togo,2013,1.132
Albanien,2013,0.989
Simbabwe,2013,1.526
Afghanistan,2013,1.169
Dschibuti,2013,2.137
Burkina Faso,2013,2.211
Myanmar,2013,2.168
Elfenbeink??ste,2013,1.562
Mosambik,2013,2.31
Ghana,2013,2.65
Niederlande,2013,3.476
Usbekistan,2013,1.683
Mali,2013,1.268
Surinam,2013,1.113
Kirgisistan,2013,0.449
Guinea,2013,2.399
Nigeria,2013,1.35
Mauretanien,2013,1.861
Algerien,2013,1.695
Malawi,2013,2.151
Tansania,2013,2.038
Bhutan,2013,2.528
Sudan,2013,1.15
Ecuador,2013,0.588
Liberia,2013,0.508
Sri Lanka,2013,0.648
Swasiland,2013,0.616
Trinidad und Tobago,2013,1.385
Kongo,2013,1.25
Serbien,2013,1.144
Komoren,2013,0.612
Panama,2013,1.309
Sambia,2013,1.511
Ruanda,2013,1.077
??thiopien,2013,1.074
Griechenland,2013,0.719
Tadschikistan,2013,0.989
Pakistan,2013,1.087
Indien,2013,1.317
Marokko,2013,1.248
Lesotho,2013,1.372
Peru,2013,1.233
Kenia,2013,1.329
Armenien,2013,1.236
China,2013,1.735
Kolumbien,2013,0.465
Georgien,2013,0.365
Uganda,2013,0.667
Belize,2013,0.758
Rum??nien,2013,0.88
Turkmenistan,2013,1.312
Zentralafrikanische Republik,2013,1.304
Kuba,2013,1.212
Angola,2013,1.127
Malaysia,2013,0.966
Bosnien und Herzegowina,2013,1.536
Mexiko,2013,0.942
Eritrea,2013,0.674
Thailand,2013,0.419
Aserbaidschan,2013,0.811
Mazedonien,2013,1.286
Venezuela,2013,0.514
Jemen,2013,0.716
Gabun,2013,0.285
Tunesien,2013,0.713
S??dafrika,2013,1.167
Laos,2013,0.553
Ungarn,2013,1.173
Namibia,2013,1.813
Syrien,2013,1.379
Nepal,2013,1.887
T??rkei,2013,1.867
Botswana,2013,1.729
Bolivien,2013,1.477
Libanon,2013,2.334
Moldawien,2013,2.05
S??dkorea,2013,1.942
Iran,2013,1.666
Jordanien,2013,0.377
Italien,2013,0.809
Irak,2013,1.071
Irland,2013,0.207
Neuseeland,2013,1.949
Australien,2013,1.837
Samoa,2013,0.367
??quatorialguinea,2013,1.059
Bulgarien,2013,1.912
Brasilien,2013,0.85
Kroatien,2013,0.004
Uruguay,2013,0.782
Bahamas,2013,1.006
Vereinigte Staaten von Amerika,2013,0.921
Libyen,2013,1.157
Paraguay,2013,1.587
Kasachstan,2013,1.477
Portugal,2013,1.375
??sterreich,2013,1.168
Russische F??deration,2013,1.547
Argentinien,2013,1.483
Vereinigtes K??nigreich,2013,1.167
Kuwait,2013,0.437
Slowenien,2013,0.622
Slowakei,2013,0.79
Tschechische Republik,2013,0.918
Lettland,2013,1.107
Polen,2013,1.222
Belgien,2013,0.994
Spanien,2013,0.761
S??o Tom?? und Pr??ncipe,2013,0.915
Wei??russland,2013,1.351
Deutschland,2013,0.949
Kanada,2013,0.433
Litauen,2013,0.681
Ukraine,2013,0.874
Mongolei,2013,0.815
D??nemark,2013,1.102
Frankreich,2013,1.581
Zypern,2013,1.128
Oman,2013,1.07
Luxemburg,2013,1.372
Schweiz,2013,1.367
Seychellen,2013,0.968
Estland,2013,0.399
Singapur,2013,1.659
Israel,2013,1.462
Norwegen,2013,1.207
??gypten,2013,1.458
Finnland,2013,1.932
Schweden,2013,0.987
Vereinigte Arabische Emirate,2013,2.228
Bahrain,2013,2.19
Kiribati,2013,2.182
Island,2013,1.795
Grenada,2013,1.088
Saudi-Arabien,2013,0.573
Barbados,2013,0.93
Malta,2013,0.981
Katar,2013,1.231
Vanuatu,2015,1.184
Tonga,2015,1.34
Philippinen,2015,1.27
Guatemala,2015,1.196
Salomonen,2015,1.194
Bangladesch,2015,1.772
Costa Rica,2015,1.568361111
Kambodscha,2015,1.635411111
Papua-Neuguinea,2015,1.702461111
El Salvador,2015,1.737
Timor-Leste,2015,1.703
Brunei Darussalam,2015,1.684
Mauritius,2015,1.655
Nicaragua,2015,1.6285
Guinea-Bissau,2015,1.602
Fidschi,2015,1.5755
Japan,2015,1.549
Vietnam,2015,1.737
Gambia,2015,1.703
Jamaika,2015,1.684
Haiti,2015,1.437
Guyana,2015,1.424
Niger,2015,2.017
Benin,2015,2.34
Dominikanische Republik,2015,1.281
Chile,2015,1.905
Madagaskar,2015,2.178
Kamerun,2015,1.2
Tschad,2015,0.394
Senegal,2015,0.863
Honduras,2015,1.014
Togo,2015,0.623
Burundi,2015,1.108
Sierra Leone,2015,1.484
Indonesien,2015,1.091
Kap Verde,2015,0.759
Albanien,2015,1.513
Dschibuti,2015,1.365
Simbabwe,2015,0.893
Afghanistan,2015,0.72
Burkina Faso,2015,0.56
Elfenbeink??ste,2015,0.775
Myanmar,2015,0.885
Mosambik,2015,1.125
Mali,2015,1.17
Ghana,2015,1.101
Usbekistan,2015,1.03
Guinea,2015,1.446
Surinam,2015,1.006
Niederlande,2015,1.113
Malawi,2015,1.457
Kirgisistan,2015,2.165
Mauretanien,2015,1.203
Nigeria,2015,0.298
Sudan,2015,1.222
Tansania,2015,2.376
Liberia,2015,1.481
Bhutan,2015,0.491
Sambia,2015,1.32
Swasiland,2015,1.139
Algerien,2015,2.536
Trinidad und Tobago,2015,0.336
Komoren,2015,0.404
??thiopien,2015,0.559
Ecuador,2015,0.767
Sri Lanka,2015,1.008
Kongo,2015,0.946
Ruanda,2015,0.918
Panama,2015,0.639
Tadschikistan,2015,1.348
Griechenland,2015,1.54
Pakistan,2015,1.196
Zentralafrik. Republik,2015,0.774
Lesotho,2015,0.494
Kenia,2015,0.825
Turkmenistan,2015,0.682
Serbien,2015,0.984
Indien,2015,1.217
Peru,2015,1.171
China,2015,1.179
Marokko,2015,1.262
Kolumbien,2015,1.179
Uganda,2015,1.307
Angola,2015,0.971
Belize,2015,0.537
Georgien,2015,0.99
Rum??nien,2015,0.831
Malaysia,2015,1.332
Thailand,2015,0.895
Gabun,2015,0.966
Eritrea,2015,1.551
Mexiko,2015,1.433
Bosnien und Herzegowina,2015,1.154
Armenien,2015,1.018
Mazedonien,2015,1.129
Kuba,2015,0.802
Jemen,2015,0.588
Aserbaidschan,2015,1.791
Venezuela,2015,1.146
Laos,2015,1.508
Syrien,2015,1.472
Namibia,2015,1.426
Tunesien,2015,1.541
Botswana,2015,1.972
S??dafrika,2015,1.021
Ungarn,2015,0.166
T??rkei,2015,0.671
Nepal,2015,0.423
Libanon,2015,0.467
Moldawien,2015,0.72
Iran,2015,0.879
Bolivien,2015,0.715
S??dkorea,2015,0.382
Irak,2015,0.51
??quatorialguinea,2015,0.771
Jordanien,2015,0.661
Italien,2015,0.761
Irland,2015,0.595
Bulgarien,2015,1.048
Neuseeland,2015,1.043
Kroatien,2015,1.277
Bahamas,2015,1.304
Brasilien,2015,1.565
Australien,2015,1.349
Libyen,2015,1.413
Uruguay,2015,1.637
Vereinigte Staaten v. A.,2015,1.715
Russische F??deration,2015,0.395
Kasachstan,2015,0.58
Paraguay,2015,0.818
Argentinien,2015,0.725
??sterreich,2015,1.221
Vereinigtes K??nigreich,2015,0.819
Slowenien,2015,1.389
Portugal,2015,1.234
Slowakei,2015,1.827
Tschechische Republik,2015,1.901
Lettland,2015,2.038
Polen,2015,0.395
Belgien,2015,0.58
Kuwait,2015,0.818
Kanada,2015,0.725
Spanien,2015,1.221
Ukraine,2015,0.819
Wei??russland,2015,1.389
Deutschland,2015,1.234
Litauen,2015,1.827
Mongolei,2015,1.901
D??nemark,2015,2.038
Zypern,2015,0.764
Frankreich,2015,0.596
Oman,2015,1.05
Seychellen,2015,1.044
Luxemburg,2015,1.279
Schweiz,2015,1.305
Estland,2015,1.566
Israel,2015,1.35
Norwegen,2015,1.413
??gypten,2015,1.636
Finnland,2015,1.714
Singapur,2015,0.021
Schweden,2015,0.309
Ver. Arabische Emirate,2015,0.616
Bahrain,2015,0.702
Kiribati,2015,0.746
Island,2015,1.056
Grenada,2015,1.415
Barbados,2015,1.189
Saudi-Arabien,2015,1.407
Malta,2015,1.878
Katar,2015,2.064
Vanuatu,2014,-0.061
Philippines,2014,0.252
Tonga,2014,0.746
Guatemala,2014,0.665
Bangladesh,2014,0.721
Solomon Islands,2014,1.046
Costa Rica,2014,0.362
El Salvador,2014,-0.022
Cambodia,2014,0.367
Papua New Guinea,2014,0.9
Timor-Leste,2014,0.5
Brunei Darussalam,2014,0.626
Nicaragua,2014,0.809
Mauritius,2014,0.883
Guinea-Bissau,2014,0.868
Fiji,2014,0.938
Japan,2014,1.043
Viet Nam,2014,0.438
Gambia,2014,0.534
Jamaica,2014,0.655
Haiti,2014,1.151
Guyana,2014,0.805
Dominican Republic,2014,0.348
Niger,2014,0.559
Benin,2014,0.693
Chile,2014,0.69
Chad,2014,1.131
Cameroon,2014,0.971
Madagascar,2014,0.656
Senegal,2014,0.995
Honduras,2014,1.25
Burundi,2014,1.41
Sierra Leone,2014,0.898
Indonesia,2014,0.37
Togo,2014,0.334
Cape Verde,2014,0.223
Albania,2014,0.312
Zimbabwe,2014,0.529
Djibouti,2014,0.504
Afghanistan,2014,0.754
Burkina Faso,2014,0.509
Cote d'Ivoire,2014,1.1
Myanmar,2014,0.833
Mozambique,2014,0.454
Mali,2014,0.659
Ghana,2014,0.663
Uzbekistan,2014,0.888
Guinea,2014,0.836
Suriname,2014,1.208
Kyrgyzstan,2014,1.584
Netherlands,2014,1.183
Nigeria,2014,1.276
Malawi,2014,1.46
Mauritania,2014,1.611
United Republic of Tanzania,2014,1.407
Sudan,2014,1.04
Liberia,2014,0.781
Bhutan,2014,1.008
Swaziland,2014,0.798
Algeria,2014,0.209
Ecuador,2014,0.95
Zambia,2014,1.401
Ethiopia,2014,1.138
Congo,2014,1.119
Trinidad and Tobago,2014,1.174
Comoros,2014,1.467
Sri Lanka,2014,0.288
Panama,2014,0.6316
Rwanda,2014,0.4964
Tajikistan,2014,0.3612
Greece,2014,0.226
Pakistan,2014,0.0908
India,2014,-0.0444
Lesotho,2014,-0.1796
Kenya,2014,-0.3148
Serbia,2014,-0.45
Peru,2014,-0.5852
China,2014,1.044
Colombia,2014,0.721
Morocco,2014,0.99
Georgia,2014,0.897
Central African Republic,2014,1.417
Turkmenistan,2014,1.625
Uganda,2014,1.714
Angola,2014,1.446
Belize,2014,1.508
Romania,2014,1.504
Malaysia,2014,1.617
Cuba,2014,1.269
Thailand,2014,1.857
Mexico,2014,1.282
Gabon,2014,2.044
Eritrea,2014,1.933
Armenia,2014,1.843
Bosnia and Herzegovina,2014,1.562
T. f. Yugo. Rep. of Macedonia,2014,2.321
Yemen,2014,2.117
Azerbaijan,2014,2.024
Venezuela,2014,1.622
Lao People's Democratic Republic,2014,0.316
Namibia,2014,0.39
Syrian Arab Republic,2014,0.661
Tunisia,2014,0.859
Hungary,2014,1.114
Botswana,2014,1.156
South Africa,2014,1.284
Turkey,2014,1.111
Nepal,2014,1.572
Bolivia,2014,1.603
Lebanon,2014,1.311
Republic of Moldova,2014,0.692
Iran,2014,0.949
Iraq,2014,1.221
Korea Republic of,2014,1.066
Jordan,2014,1.184
Equatorial Guinea,2014,1.561
Ireland,2014,0.844
Italy,2014,2.183
Brazil,2014,1.589
Croatia,2014,1.746
Bulgaria,2014,2.082
New Zealand,2014,1.029
Bahamas,2014,1.57
Uruguay,2014,0.77
Libyan Arab Jamahiriya,2014,2.494
Australia,2014,2.112
United States,2014,2.067
Russia,2014,1.585
Kazakhstan,2014,2.641
Paraguay,2014,2.533
Argentina,2014,2.331
Slovenia,2014,1.29
Portugal,2014,0.557
Austria,2014,0.457
Slovakia,2014,0.329
United Kingdom,2014,1.517
Czech Republic,2014,1.217
Latvia,2014,1.416
Belgium,2014,1.625
Kuwait,2014,0.904
Poland,2014,1.886
Spain,2014,1.967
Canada,2014,1.972
Belarus,2014,0.827
Ukraine,2014,0.485
Lithuania,2014,1.1
Germany,2014,1.093
Mongolia,2014,1.204
Denmark,2014,1.681
Cyprus,2014,1.395
Oman,2014,1.545
France,2014,1.633
Luxembourg,2014,1.896
Seychelles,2014,1.821
Switzerland,2014,0.684
Estonia,2014,1.145
Israel,2014,0.401
Norway,2014,2.681
Egypt,2014,1.523
Singapore,2014,1.856
Finland,2014,1.624
Sweden,2014,2.115
United Arab Emirates,2014,2.185
Bahrain,2014,2.642
Kiribati,2014,1.691
Iceland,2014,1.691
Grenada,2014,1.691
Barbados,2014,1.293
Saudi Arabia,2014,1.178
Malta,2014,1.696
Qatar,2014,1.496
Vanuatu,2021,1.77
Salomonen,2021,1.199
Tonga,2021,1.351
Dominica,2021,1.503
Antigua und Barbuda,2021,1.655
Brunei Darussalam,2021,0.633
Guyana,2021,0.744
Philippinen,2021,0.753
Papua-Neuguinea,2021,0.739
Guatemala,2021,0.982
Kap Verde,2021,1.141
Costa Rica,2021,0.905
Bangladesch,2021,0.646
Fidschi,2021,0.766
Kambodscha,2021,1.064
Timor-Leste,2021,0.787
Dschibuti,2021,0.629
El Salvador,2021,0.83
Kiribati,2021,1.059
Komoren,2021,1.039
Haiti,2021,1.349
Nicaragua,2021,1.397
Niger,2021,1.108
Guinea-Bissau,2021,1.274
Kamerun,2021,1.246
Nigeria,2021,1.588
Uruguay,2021,1.136
Gambia,2021,0.471
Jamaika,2021,0.474
Tschad,2021,0.246
Benin,2021,0.873
Dominikanische Republik,2021,1.335
Chile,2021,1.268
Honduras,2021,0.87
Burkina Faso,2021,0.844
Togo,2021,1.06
Mali,2021,1.14
Indonesien,2021,0.516
Madagaskar,2021,0.553
Burundi,2021,0.871
Kenia,2021,0.981
Angola,2021,1.177
Vietnam,2021,1.124
Elfenbeink??ste,2021,1.507
Senegal,2021,0.539
Japan,2021,1.987
Sierra Leone,2021,0.975
Ghana,2021,1.004
Simbabwe,2021,1.607
Mosambik,2021,0.678
Mauritius,2021,0.806
Tansania,2021,0.792
Malawi,2021,0.794
Liberia,2021,1.416
Ecuador,2021,1.381
Demokratische Rep. Kongo,2021,0.833
Trinidad und Tobago,2021,0.853
Guinea,2021,1.034
Uganda,2021,1.787
Sudan,2021,1.379
Albanien,2021,0.662
Mauretanien,2021,0.599
Afghanistan,2021,0.757
Belize,2021,0.823
Venezuela,2021,0.801
Niederlande,2021,1.371
??thiopien,2021,1.184
Usbekistan,2021,0.571
Eswatini,2021,1.452
Panama,2021,1.361
Malaysia,2021,1.037
Sambia,2021,1.415
Algerien,2021,1.439
Zentralafrikanische Republik,2021,1.191
Sri Lanka,2021,0.902
Ruanda,2021,1.771
Surinam,2021,1.028
??quatorialguinea,2021,1.349
Kirgisistan,2021,0.908
Myanmar,2021,0.872
F??d. Staaten von Mikronesien,2021,0.872
Griechenland,2021,1.416
Eritrea,2021,1.276
Kongo,2021,1.442
Pakistan,2021,1.157
Montenegro,2021,2.403
Peru,2021,2.344
Kolumbien,2021,1.895
Lesotho,2021,1.474
Indien,2021,2.381
Gabun,2021,2.183
Thailand,2021,3.595
S??dafrika,2021,2.133
Mexiko,2021,1.067
China,2021,0.464
Namibia,2021,0.421
Tunesien,2021,0.561
Turkmenistan,2021,0.879
Tadschikistan,2021,1.207
Nordmazedonien,2021,0.625
Marokko,2021,1.108
Aserbaidschan,2021,1.591
Syrien,2021,0.551
Irak,2021,0.436
Kuba,2021,1.15
Jemen,2021,1.078
Rum??nien,2021,1.244
Georgien,2021,1.201
Samoa,2021,1.462
Libanon,2021,1.565
Serbien,2021,1.523
Armenien,2021,0.964
T??rkei,2021,0.405
Ungarn,2021,-0.154
Iran,2021,-0.713
Brasilien,2021,1.06
Neuseeland,2021,0.551
Seychellen,2021,0.436
Italien,2021,1.15
Bolivien,2021,1.078
Bosnien und Herzegowina,2021,1.244
Nepal,2021,1.201
Australien,2021,1.462
St. Lucia,2021,1.565
Irland,2021,1.523
Laos,2021,0.964
Kuwait,2021,0.405
Bahamas,2021,-0.154
Kroatien,2021,-0.713
Bulgarien,2021,1.772
Jordanien,2021,0.82
Moldawien,2021,0.81
Ver. Staaten von Amerika,2021,1.496
Botswana,2021,0.837
Spanien,2021,0.881
Paraguay,2021,0.843
Russische F??deration,2021,1.014
Portugal,2021,0.933
Argentinien,2021,0.615
Vereinigtes K??nigreich,2021,0.965
Kasachstan,2021,0.753
Libyen,2021,0.632
Slowenien,2021,1.109
Slowakei,2021,1.152
Bhutan,2021,0.794
Zypern,2021,1.018
Vereinigte Arabische Emirate,2021,1.232
S??dkorea,2021,1.119
Polen,2021,1.345
??sterreich,2021,1.533
Tschechische Republik,2021,1.414
Lettland,2021,2.584
Mongolei,2021,2.605
Bahrain,2021,2.142
Norwegen,2021,1.477
Kanada,2021,2.144
Israel,2021,1.436
D??nemark,2021,3.305
Ukraine,2021,1.923
Belgien,2021,1.462
Deutschland,2021,1.146
Belarus,2021,0.638
S??o Tom?? and Pr??ncipe,2021,1.965
Oman,2021,1.513
Luxemburg,2021,1.689
Frankreich,2021,1.682
Singapur,2021,1.925
Schweden,2021,1.888
Litauen,2021,2.411
Schweiz,2021,1.193
Finnland,2021,0.827
Estland,2021,0.816
??gypten,2021,1.053
Island,2021,1.101
Malediven,2021,1.281
Barbados,2021,1.685
Grenada,2021,1.409
Saudi-Arabien,2021,1.149
St. Vincent u. die Grenadinen,2021,1.466
Malta,2021,1.575
Katar,2021,1.266
Vanuatu,2017,0.22
Tonga,2017,0.728
Philippinen,2017,0.541
Guatemala,2017,0.62
Bangladesch,2017,0.685
Salomonen,2017,1.132
Costa Rica,2017,0.908
Kambodscha,2017,0.638
El Salvador,2017,0.864
Timor-Leste,2017,0.828
Papua-Neuguinea,2017,0.783
Brunei Darussalam,2017,0.057
Mauritius,2017,0.581
Nicaragua,2017,-0.046
Fidschi,2017,-0.468
Guinea-Bissau,2017,0.319
Japan,2017,0.567
Vietnam,2017,0.512
Jamaika,2017,0.537
Gambia,2017,0.364
Haiti,2017,0.048
Chile,2017,0.31
Guyana,2017,0.568
Niger,2017,0.548
Benin,2017,0.727
Dominikanische Republik,2017,0.753
Kamerun,2017,0.959
Madagaskar,2017,1.353
Tschad,2017,1.105
Senegal,2017,0.809
Honduras,2017,1.402
Kap Verde,2017,1.287
Indonesien,2017,0.881
Togo,2017,1.107
Burundi,2017,0.963
Sierra Leone,2017,1.081
Dschibuti,2017,1.312
Simbabwe,2017,1.351
Albanien,2017,1.808
Afghanistan,2017,1.942
Burkina Faso,2017,1.208
Myanmar,2017,1.548
Elfenbeink??ste,2017,1.978
Mosambik,2017,1.878
Ghana,2017,0.428
Mali,2017,1.219
Usbekistan,2017,1.388
Surinam,2017,1.247
Guinea,2017,1.757
Niederlande,2017,1.353
Kirgisistan,2017,0.822
Mauretanien,2017,2.517
Nigeria,2017,1.736
Malawi,2017,2.03
Sudan,2017,1.701
Tansania,2017,1.108
Bhutan,2017,1.338
Liberia,2017,0.571
Algerien,2017,2.506
Ecuador,2017,1.658
Swasiland,2017,1.971
Trinidad und Tobago,2017,1.636
Sri Lanka,2017,2.377
Sambia,2017,2.314
??thiopien,2017,2.499
Komoren,2017,1.304
Panama,2017,0.992
Kongo,2017,0.712
Ruanda,2017,0.937
Serbien,2017,0.988
Tadschikistan,2017,1.328
Griechenland,2017,1.45
Pakistan,2017,1.569
Lesotho,2017,1.237
Indien,2017,1.489
Kenia,2017,1.491
Peru,2017,1.701
Marokko,2017,1.623
Zentralafrikanische Republik,2017,0.965
China,2017,0.883
Kolumbien,2017,1.471
Uganda,2017,1.41
Turkmenistan,2017,1.766
Georgien,2017,2.057
Belize,2017,0.778
Angola,2017,1.326
Armenien,2017,1.972
Rum??nien,2017,1.576
Malaysia,2017,0.365
Kuba,2017,1.21
Mazedonien,2017,1.3
Eritrea,2017,1.028
Bosnien und Herzegowina,2017,0.889
Mexiko,2017,1.584
Gabun,2017,0.65
Thailand,2017,1.903
Jemen,2017,1.406
Venezuela,2017,1.366
Aserbaidschan,2017,1.722
Laos,2017,1.672
Syrien,2017,1.614
Tunesien,2017,1.368
S??dafrika,2017,1.435
Namibia,2017,0.197
Ungarn,2017,2.369
T??rkei,2017,1.2
Nepal,2017,0.904
Botswana,2017,2.201
Libanon,2017,1.256
Moldawien,2017,2.462
Bolivien,2017,0.654
Iran,2017,0.568
S??dkorea,2017,0.807
Irak,2017,0.685
Jordanien,2017,0.916
Italien,2017,0.97
??quatorialguinea,2017,0.974
Irland,2017,0.629
Neuseeland,2017,0.892
Bulgarien,2017,1.179
Australien,2017,0.887
Brasilien,2017,0.563
Kroatien,2017,0.691
Bahamas,2017,0.767
Uruguay,2017,0.778
Ver. Staaten von Amerika,2017,1.032
Libyen,2017,1.148
Russische F??deration,2017,0.949
Kasachstan,2017,0.692
Paraguay,2017,0.818
Argentinien,2017,1.164
Portugal,2017,0.859
??sterreich,2017,0.585
Slowenien,2017,0.615
Vereinigtes K??nigreich,2017,0.733
Slowakei,2017,0.74
Tschechische Republik,2017,1.262
Kuwait,2017,1.426
Lettland,2017,1.056
Polen,2017,0.835
Belgien,2017,1.364
Spanien,2017,1.724
Wei??russland,2017,1.442
Kanada,2017,1.043
Ukraine,2017,0.473
Deutschland,2017,1.062
Mongolei,2017,1.019
Litauen,2017,1.297
D??nemark,2017,1.312
Zypern,2017,1.662
Frankreich,2017,1.296
Oman,2017,1.57
Seychellen,2017,1.447
Luxemburg,2017,1.761
Schweiz,2017,1.083
Estland,2017,0.796
Israel,2017,1.094
Singapur,2017,1.399
??gypten,2017,1.388
Norwegen,2017,1.749
Finnland,2017,1.88
Schweden,2017,1.314
Vereinigte Arabische Emirate,2017,1.642
Bahrain,2017,1.917
Kiribati,2017,1.912
Island,2017,0.744
Grenada,2017,0.836
Barbados,2017,0.901
Saudi-Arabien,2017,1.08
Malta,2017,1.319
Katar,2017,1.5
Vanuatu,2019,1.249
Antigua und Barbuda,2019,1.215
Tonga,2019,1.178
Salomonen,2019,1.533
Guyana,2019,1.195
Papua-Neuguinea,2019,0.557
Brunei Darussalam,2019,0.86
Guatemala,2019,1.183
Philippinen,2019,1.45
Bangladesch,2019,1.521
Kap Verde,2019,1.428
Fidschi,2019,1.302
Costa Rica,2019,1.488
Dschibuti,2019,1.716
Timor-Leste,2019,1.708
Haiti,2019,1.046
Kambodscha,2019,0.914
El Salvador,2019,1.404
Kiribati,2019,0.765
Komoren,2019,1.239
Nicaragua,2019,1.375
Niger,2019,1.454
Guinea-Bissau,2019,1.203
Nigeria,2019,1.765
Kamerun,2019,1.46
Uruguay,2019,1.54
Chile,2019,1.306
Benin,2019,0.743
Gambia,2019,0.636
Jamaika,2019,0.917
Tschad,2019,0.663
Dominikanische Republik,2019,1.126
Honduras,2019,1.39
Burkina Faso,2019,1.049
Togo,2019,0.698
Mali,2019,1.107
Indonesien,2019,1.703
Angola,2019,1.027
Madagaskar,2019,0.915
Vietnam,2019,1.751
Kenia,2019,1.18
Burundi,2019,2.232
Elfenbeink??ste,2019,2.092
Senegal,2019,1.923
Sierra Leone,2019,1.373
Mosambik,2019,2.565
Mauritius,2019,2.393
Liberia,2019,2.034
Trinidad und Tobago,2019,1.482
Ghana,2019,1.026
Tansania,2019,0.748
Simbabwe,2019,0.776
Afghanistan,2019,1.737
Japan,2019,0.494
Malawi,2019,1.485
Demokratische Rep. Kongo,2019,1.77
Uganda,2019,0.892
Guinea,2019,1.396
Sudan,2019,0.851
Ecuador,2019,0.993
Albanien,2019,0.336
Belize,2019,0.486
Usbekistan,2019,0.434
Sambia,2019,0.522
??thiopien,2019,0.68
Zentralafrikanische Republik,2019,1.074
Mauretanien,2019,0.982
Panama,2019,0.884
Venezuela,2019,0.809
Algerien,2019,0.518
Malaysia,2019,0.729
F??d. Staaten von Mikronesien,2019,0.331
Sri Lanka,2019,0.411
??quatorialguinea,2019,0.734
Ruanda,2019,0.749
Suriname,2019,0.774
Niederlande,2019,1.448
Kirgisistan,2019,0.943
Myanmar,2019,0.868
Pakistan,2019,1.021
Kongo,2019,1.228
Eritrea,2019,0.994
Griechenland,2019,1.234
Lesotho,2019,0.98
Indien,2019,1.533
Gabun,2019,0.953
Peru,2019,1.728
Montenegro,2019,1.531
Kolumbien,2019,1.634
Swasiland,2019,1.963
Thailand,2019,1.508
S??dafrika,2019,1.251
Tadschikistan,2019,2.051
Samoa,2019,0.734
Mexiko,2019,1.151
Irak,2019,1.106
Syrien,2019,1.053
China,2019,1.816
Marokko,2019,1.532
Namibia,2019,1.458
Nordmazedonien,2019,2.305
Tunesien,2019,1.671
Aserbaidschan,2019,1.818
Armenien,2019,2.542
Kuba,2019,0.576
Turkmenistan,2019,0.715
Rum??nien,2019,0.584
Jemen,2019,1.424
Georgien,2019,0.51
Libanon,2019,1.098
Serbien,2019,1.318
Seychellen,2019,0.834
T??rkei,2019,1.248
Ungarn,2019,1.117
Iran,2019,1.057
Nepal,2019,0.661
Bolivien,2019,0.589
Brasilien,2019,0.424
Bosnien und Herzegowina,2019,1.533
Neuseeland,2019,0.441
Italien,2019,1.118
Laos,2019,1.365
St. Lucia,2019,0.879
Australien,2019,1.172
Kuwait,2019,1.19
Irland,2019,1.014
Bahamas,2019,0.643
Botswana,2019,1.101
Bulgarien,2019,1.186
Jordanien,2019,0.946
Moldawien,2019,1.412
Kroatien,2019,1.701
Ver. Staaten von Amerika,2019,0.82
Vereinigte Arabische Emirate,2019,2.089
Kasachstan,2019,1.304
Argentinien,2019,1.547
Russische F??deration,2019,1.884
Spanien,2019,1.2
Portugal,2019,1.486
Slowenien,2019,0.946
Libyen,2019,1.573
Paraguay,2019,1.647
Bhutan,2019,1.649
Vereinigtes K??nigreich,2019,1.559
Israel,2019,1.792
Slowakei,2019,1.639
S??dkorea,2019,1.825
Kanada,2019,1.478
Mongolei,2019,0.354
Tschechische Republik,2019,0.489
Polen,2019,0.754
Lettland,2019,0.973
Bahrain,2019,1.07
??sterreich,2019,1.257
Zypern,2019,0.978
Belgien,2019,1.185
Oman,2019,1.479
Ukraine,2019,1.616
D??nemark,2019,1.299
Wei??russland,2019,0.556
Singapur,2019,0.353
S??o Tom?? and Pr??ncipe,2019,0.583
Deutschland,2019,0.516
Frankreich,2019,0.789
Luxemburg,2019,1.274
Norwegen,2019,0.746
Litauen,2019,0.872
Schweden,2019,1.215
Malediven,2019,1.382
Schweiz,2019,1.215
Estland,2019,0.56
Finnland,2019,1.087
??gypten,2019,1.06
Island,2019,0.885
Barbados,2019,1.545
Saudi-Arabien,2019,1.772
Grenada,2019,1.058
St. Vincent und d. Grenadinen,2019,2.101
Malta,2019,1.433
Katar,2019,1.781
Vanuatu,2020,2.089
Tonga,2020,0.738
Dominica,2020,1.143
Antigua und Barbuda,2020,1.614
Salomonen,2020,0.669
Guyana,2020,1.605
Brunei Darussalam,2020,2.24
Papua-Neuguinea,2020,1.752
Philippinen,2020,0.629
Guatemala,2020,1.47
Kap Verde,2020,2.832
Costa Rica,2020,1.432
Bangladesch,2020,1.02
Dschibuti,2020,0.898
Fidschi,2020,0.805
Kambodscha,2020,0.9
El Salvador,2020,1.013
Kiribati,2020,1.131
Komoren,2020,1.393
Nicaragua,2020,0.527
Timor-Leste,2020,1.498
Haiti,2020,1.204
Niger,2020,1.308
Guinea-Bissau,2020,0.755
Nigeria,2020,0.855
Kamerun,2020,1.054
Uruguay,2020,1.194
Gambia,2020,1.329
Jamaika,2020,1.656
Chile,2020,1.468
Tschad,2020,1.374
Dominikanische Republik,2020,1.376
Benin,2020,1.667
Burkina Faso,2020,1.131
Honduras,2020,1.154
Togo,2020,1.344
Mali,2020,1.215
Madagaskar,2020,1.354
Angola,2020,1.992
Indonesien,2020,1.48
Kenia,2020,1.804
Burundi,2020,2.173
Vietnam,2020,1.693
Elfenbeink??ste,2020,1.76
Senegal,2020,2.459
Japan,2020,1.235
Trinidad und Tobago,2020,0.289
Sierra Leone,2020,1.383
Liberia,2020,0.495
Ghana,2020,1.482
Simbabwe,2020,1.877
Mosambik,2020,1.43
Mauritius,2020,1.21
Tansania,2020,1.647
Malawi,2020,1.369
Demokratische Rep. Kongo,2020,1.367
Afghanistan,2020,0.171
Uganda,2020,0.998
Guinea,2020,1.189
Albanien,2020,0.758
Sudan,2020,1.413
Ecuador,2020,1.44
Panama,2020,1.192
Belize,2020,0.894
Niederlande,2020,2.124
Venezuela,2020,1.645
Mauretanien,2020,1.183
??thiopien,2020,1.118
Usbekistan,2020,1.369
Sambia,2020,1.046
Zentralafrikanische Republik,2020,2.284
Malaysia,2020,2.126
F??d. Staaten v. Mikronesien,2020,1.905
Sri Lanka,2020,1.469
Ruanda,2020,2.324
Algerien,2020,2.428
Surinam,2020,3.513
Kirgisistan,2020,1.938
??quatorialguinea,2020,0.703
Griechenland,2020,1.083
Myanmar,2020,1.275
Montenegro,2020,1.072
Kongo,2020,1.448
Eritrea,2020,1.742
Gabun,2020,1.143
Lesotho,2020,2.276
Pakistan,2020,1.553
Kolumbien,2020,1.797
Indien,2020,2.241
Thailand,2020,0.449
Swasiland,2020,0.714
Peru,2020,0.622
S??dafrika,2020,0.575
Namibia,2020,1.1
Syrien,2020,1.792
Irak,2020,0.82
Mexiko,2020,0.732
Samoa,2020,1.761
Rum??nien,2020,0.763
Kuba,2020,0.793
China,2020,1.059
Tadschikistan,2020,0.847
Marokko,2020,0.954
Nordmazedonien,2020,0.918
Armenien,2020,1.338
Aserbaidschan,2020,1.54
Georgien,2020,1.572
Tunesien,2020,1.345
Jemen,2020,1.499
Turkmenistan,2020,1.644
Seychellen,2020,1.573
Libanon,2020,0.782
Serbien,2020,0.699
Neuseeland,2020,1.151
Ungarn,2020,1.211
Iran,2020,0.685
T??rkei,2020,1.587
Brasilien,2020,0.265
Bosnien und Herzegowina,2020,1.646
Bolivien,2020,0.822
Nepal,2020,1.069
Italien,2020,1.808
St. Lucia,2020,1.653
Australien,2020,1.607
Irland,2020,0.92
Kuwait,2020,2.239
Laos,2020,2.043
Bahamas,2020,2.022
Botswana,2020,1.782
Bulgarien,2020,2.252
Kroatien,2020,2.054
Jordanien,2020,2.352
Moldawien,2020,1.202
Ver. Staaten von Amerika,2020,0.914
Portugal,2020,1.323
Spanien,2020,0.926
Kasachstan,2020,2.196
Russische F??deration,2020,2.063
Argentinien,2020,1.913
Vereinigtes K??nigreich,2020,1.511
Libyen,2020,2.395
Slowenien,2020,2.601
Paraguay,2020,3.394
Slowakei,2020,1.737
Vereinigte Arabische Emirate,2020,1.321
S??dkorea,2020,1.244
??sterreich,2020,0.553
Polen,2020,2.452
Tschechische Republik,2020,1.498
Zypern,2020,1.849
Lettland,2020,1.622
Bhutan,2020,2.447
Mongolei,2020,2.143
Israel,2020,2.62
Bahrain,2020,1.137
Kanada,2020,0.956
Oman,2020,0.726
Ukraine,2020,0.629
D??nemark,2020,0.686
Wei??russland,2020,0.976
Belgien,2020,0.921
Deutschland,2020,1.206
S??o Tom?? and Pr??ncipe,2020,0.861
Singapur,2020,1.328
Norwegen,2020,1.013
Luxemburg,2020,1.045
Frankreich,2020,0.717
Litauen,2020,0.942
Schweden,2020,0.68
Schweiz,2020,1.013
Malediven,2020,1.054
Estland,2020,1.442
Finnland,2020,1.35
??gypten,2020,1.038
Island,2020,1.115
Barbados,2020,1.434
Saudi-Arabien,2020,0.605
Grenada,2020,0.614
St. Vincent u. d. Grenadinen,2020,0.787
Malta,2020,1.001
Katar,2020,1.028
Vanuatu,2012,1.218
Tonga,2012,1.661
Philippinen,2012,1.185
Guatemala,2012,1.184
Bangladesch,2012,1.446
Salomonen,2012,1.417
Costa Rica,2012,1.192
Kambodscha,2012,0.509
Timor-Leste,2012,0.518
El Salvador,2012,0.603
Brunei Darussalam,2012,0.704
Papua-Neuguinea,2012,0.858
Mauritius,2012,0.918
Nicaragua,2012,0.798
Fidschi,2012,0.762
Japan,2012,1.088
Guinea-Bissau,2012,1.086
Vietnam,2012,1.034
Chile,2012,1.298
Jamaika,2012,0.486
Haiti,2012,1.054
Niger,2012,0.932
Gambia,2012,1.182
Guyana,2012,1.261
Dominikanische Republik,2012,1.524
Kamerun,2012,1.197
Benin,2012,1.267
Tschad,2012,1.171
Senegal,2012,1.846
Honduras,2012,1.067
Madagaskar,2012,1.417
Kap Verde,2012,1.328
Indonesien,2012,1.472
Togo,2012,1.455
Sierra Leone,2012,1.721
Burundi,2012,1.22
Dschibuti,2012,1.417
Albanien,2012,1.243
Simbabwe,2012,1.574
Afghanistan,2012,2.035
Burkina Faso,2012,0.312
Myanmar,2012,0.695
Mosambik,2012,0.661
Elfenbeink??ste,2012,0.72
Ghana,2012,0.617
Mali,2012,0.926
Usbekistan,2012,0.724
Suriname,2012,0.51
Guinea,2012,0.718
Kirgisistan,2012,0.829
Niederlande,2012,0.54
Mauretanien,2012,0.65
Nigeria,2012,0.754
Malawi,2012,0.767
Bhutan,2012,0.727
Algerien,2012,0.973
Tansania,2012,1.133
Ecuador,2012,0.899
Sudan,2012,0.651
Liberia,2012,0.786
Swasiland,2012,1.067
??thiopien,2012,0.808
Sri Lanka,2012,1.549
Panama,2012,0.854
Trinidad und Tobago,2012,1.414
Serbien,2012,1.326
Ruanda,2012,1.381
Komoren,2012,1.702
Sambia,2012,2.101
Tadschikistan,2012,1.122
Kongo,2012,1.469
Griechenland,2012,1.918
Indien,2012,1.862
Pakistan,2012,0.826
Lesotho,2012,0.603
Marokko,2012,0.688
Peru,2012,0.724
China,2012,1.058
Armenien,2012,0.971
Kenia,2012,1.21
Kolumbien,2012,0.913
Rom??nien,2012,1.308
Uganda,2012,0.931
Georgien,2012,0.802
Zentralafrikanische Republik,2012,0.492
Bosnien und Herzegowina,2012,0.425
Belize,2012,0.282
Angola,2012,0.478
Kuba,2012,0.703
Turkmenistan,2012,0.607
Malaysia,2012,0.848
Thailand,2012,0.632
Eritrea,2012,1.17
Mexiko,2012,0.902
Mazedonien,2012,0.49
Gabun,2012,0.973
Venezuela,2012,0.882
Aserbaidschan,2012,0.723
Jemen,2012,0.827
Tunesien,2012,1.089
S??dafrika,2012,1.278
Ungarn,2012,1.547
Laos,2012,1.167
Namibia,2012,1.307
Nepal,2012,1.64
Syrien,2012,1.09
T??rkei,2012,0.12
Moldawien,2012,0.533
Botswana,2012,0.678
Bolivien,2012,0.515
Libanon,2012,0.545
Iran,2012,0.92
Irak,2012,0.851
Jordanien,2012,0.726
S??dkorea,2012,0.791
Italien,2012,0.767
Australien,2012,0.551
Bulgarien,2012,0.436
Samoa,2012,1.15
Irland,2012,1.078
??quatorialguinea,2012,1.244
Neuseeland,2012,1.201
Kroatien,2012,1.462
Brasilien,2012,1.565
Bahamas,2012,1.523
Uruguay,2012,0.964
Vereinigte Staaten v. A.,2012,0.405
Kasachstan,2012,-0.154
Paraguay,2012,-0.713
Russische F??deration,2012,1.242
Portugal,2012,0.569
Slowenien,2012,1.645
Argentinien,2012,1.719
Libyen,2012,1.576
??sterreich,2012,1.762
Kuwait,2012,1.729
Slowakei,2012,1.7
Tschechische Republik,2012,1.981
Vereinigtes K??nigreich,2012,1.279
Polen,2012,0.773
Lettland,2012,0.246
Belgien,2012,1.027
Spanien,2012,1.867
S??o Tom?? und Pr??ncipe,2012,2.129
Wei??russland,2012,1.392
Deutschland,2012,2.486
Mongolien,2012,2.214
Litauen,2012,1.849
Ukraine,2012,2.353
Kanada,2012,1.991
D??nemark,2012,1.036
Zypern,2012,1.712
Frankreich,2012,1.515
Oman,2012,1.605
Luxemburg,2012,1.779
Seychellen,2012,1.558
Schweiz,2012,1.364
Singapur,2012,2.317
Estland,2012,1.923
Israel,2012,1.798
??gypten,2012,1.697
Norwegen,2012,0.576
Finnland,2012,0.682
Schweden,2012,0.766
Vereinigte Arabische Emirate,2012,0.723
Bahrain,2012,1.032
Kiribati,2012,1.105
Island,2012,0.965
Grenada,2012,0.694
Saudi-Arabien,2012,0.806
Barbados,2012,1.141
Malta,2012,0.873
Katar,2012,1.789
Vanuatu,2018,1.393
Tonga,2018,1.311
Philippinen,2018,1.711
Salomonen,2018,1.24
Guyana,2018,1.968
Papua-Neuguinea,2018,2.276
Guatemala,2018,0.685
Brunei Darussalam,2018,1.578
Bangladesch,2018,2.188
Fidschi,2018,1.882
Costa Rica,2018,0.622
Kambodscha,2018,0.641
Timor-Leste,2018,0.394
El Salvador,2018,0.616
Kiribati,2018,0.911
Mauritius,2018,1.141
Nicaragua,2018,0.806
Dschibuti,2018,0.723
Guinea-Bissau,2018,1.079
Tschad,2018,0.934
Haiti,2018,0.549
Kamerun,2018,0.508
Kap Verde,2018,0.878
Sierra Leone,2018,0.94
Vietnam,2018,0.799
Niger,2018,1.115
Jamaika,2018,1.339
Chile,2018,1.28
Japan,2018,1.024
Benin,2018,1.691
Gambia,2018,1.589
Madagaskar,2018,1.565
Dominikanische Republik,2018,0.013
Senegal,2018,0.429
Afghanistan,2018,1.376
Indonesien,2018,1.039
Angola,2018,1.706
Simbabwe,2018,2.051
Honduras,2018,1.463
Burkina Faso,2018,2.053
Mali,2018,2.713
Mosambik,2018,1.548
Sudan,2018,0.551
Togo,2018,0.436
Albanien,2018,1.15
Tansania,2018,1.078
Burundi,2018,1.244
Mauretanien,2018,1.201
Liberia,2018,1.462
Ghana,2018,1.565
Komoren,2018,1.523
Nigeria,2018,0.964
Elfenbeink??ste,2018,0.405
Lesotho,2018,-0.154
Ecuador,2018,-0.713
Malawi,2018,0.493
Guinea,2018,0.281
Usbekistan,2018,0.437
Trinidad und Tobago,2018,0.677
Belize,2018,1.19
Sri Lanka,2018,1.214
Bhutan,2018,0.742
Algerien,2018,0.746
Myanmar,2018,0.08
Niederlande,2018,0.451
Panama,2018,1.056
Kirgisistan,2018,1.135
Surinam,2018,0.414
??thiopien,2018,2.548
Ruanda,2018,1.269
Venezuela,2018,1.914
Kenia,2018,1.704
Uganda,2018,2.11
Sambia,2018,2.116
Indien,2018,2.458
Samoa,2018,1.285
Serbien,2018,0.408
Griechenland,2018,0.528
Kongo,2018,0.928
Gabun,2018,0.867
Peru,2018,1.276
Malaysia,2018,0.969
Zentralafrikanische Republik,2018,1.167
Jemen,2018,0.742
Kolumbien,2018,1.024
Turkmenistan,2018,1.228
Marokko,2018,0.73
Thailand,2018,0.465
Pakistan,2018,0.341
Kuba,2018,0.497
Armenien,2018,0.486
Mexiko,2018,0.685
Tadschikistan,2018,1.381
Swasiland,2018,1.165
China,2018,0.809
Namibia,2018,0.749
S??dafrika,2018,0.958
Eritrea,2018,0.84
Mazedonien,2018,0.658
Syrien,2018,0.093
Georgien,2018,0.932
Rum??nien,2018,0.475
Aserbaidschan,2018,0.497
Nepal,2018,1.13
Tunesien,2018,0.549
Laos,2018,1.095
??quatorialguinea,2018,1.041
Ungarn,2018,0.833
Botswana,2018,0.901
Irak,2018,0.605
Libanon,2018,0.654
T??rkei,2018,1.232
Neuseeland,2018,0.768
Bosnien und Herzegowina,2018,0.984
Seychellen,2018,1.28
Bolivien,2018,0.984
Jordanien,2018,0.847
Australien,2018,1.105
Bahamas,2018,1.46
Iran,2018,0.959
Brasilien,2018,1.167
Italien,2018,0.797
Bulgarien,2018,1.017
Irland,2018,1.204
Moldawien,2018,1.083
S??dkorea,2018,1.247
Libyen,2018,1.08
Kroatien,2018,1.256
Kasachstan,2018,1.151
Russische F??deration,2018,0.983
Vereinigte Staaten von Amerika,2018,1.643
Kuwait,2018,0.949
Uruguay,2018,0.613
Paraguay,2018,0.985
Argentinien,2018,1.056
Vereinigtes K??nigreich,2018,1.234
Slowenien,2018,1.206
Portugal,2018,1.191
Slowakei,2018,1.089
Tschechische Republik,2018,1.243
Vereinigte Arabische Emirate,2018,0.551
Polen,2018,0.436
??sterreich,2018,1.15
Lettland,2018,1.078
Ukraine,2018,1.244
Spanien,2018,1.201
Wei??russland,2018,1.462
Belgien,2018,1.565
Bahrain,2018,1.523
Oman,2018,0.964
D??nemark,2018,0.405
Kanada,2018,-0.154
Zypern,2018,-0.713
Mongolei,2018,0.721
Deutschland,2018,0.251
Litauen,2018,0.303
Frankreich,2018,0.145
Singapur,2018,0.682
Norwegen,2018,1.2
Estland,2018,0.867
Schweiz,2018,0.851
Israel,2018,0.817
Schweden,2018,0.854
Luxemburg,2018,0.763
Finnland,2018,0.763
??gypten,2018,1.486
Island,2018,1.482
Barbados,2018,1.357
Grenada,2018,1.54
Saudi-Arabien,2018,1.739
Malta,2018,1.174
Katar,2018,2.187
Vanuatu,2016,1.967
Tonga,2016,1.666
Philippines,2016,1.755
Guatemala,2016,1.428
Bangladesh,2016,1.084
Solomon Islands,2016,0.815
Brunei Darussalam,2016,2.441
Costa Rica,2016,1.818
Cambodia,2016,1.745
Papua New Guinea,2016,1.578
El Salvador,2016,1.51
Timor-Leste,2016,1.231
Mauritius,2016,2.421
Nicaragua,2016,1.525
Guinea-Bissau,2016,0.999
Fiji,2016,0.919
Japan,2016,0.658
Viet Nam,2016,0.735
Gambia,2016,1.417
Jamaica,2016,1.118
Haiti,2016,1.589
Chile,2016,1.282
Benin,2016,1.032
Guyana,2016,0.703
Niger,2016,1.589
Madagascar,2016,0.831
Dominican Republic,2016,0.242
Cameroon,2016,0.81
Chad,2016,0.42
Honduras,2016,0.576
Cape Verde,2016,1.281
Senegal,2016,1.312
Togo,2016,1.423
Djibouti,2016,0.648
Burundi,2016,0.432
Indonesia,2016,1.118
Sierra Leone,2016,0.59
Zimbabwe,2016,0.789
Burkina Faso,2016,0.907
Albania,2016,0.963
Afghanistan,2016,1.226
Myanmar,2016,0.551
Cote d'Ivoire,2016,0.436
Mozambique,2016,1.15
Uzbekistan,2016,1.078
Suriname,2016,1.244
Ghana,2016,1.201
Mali,2016,1.462
Netherlands,2016,1.565
Guinea,2016,1.523
Sudan,2016,0.964
Nigeria,2016,0.405
Malawi,2016,-0.154
Mauritania,2016,-0.713
Kyrgyzstan,2016,2.093
Liberia,2016,1.298
United Republic of Tanzania,2016,1.553
Ecuador,2016,1.887
Swaziland,2016,0.393
Bhutan,2016,0.792
Trinidad and Tobago,2016,0.912
Algeria,2016,0.703
Sri Lanka,2016,1.009
Comoros,2016,0.917
Panama,2016,0.711
Zambia,2016,1.071
Congo,2016,1.239
Serbia,2016,1.311
Rwanda,2016,1.047
Ethiopia,2016,0.454
Central African Republic,2016,0.32
Pakistan,2016,0.791
Lesotho,2016,0.369
Kenya,2016,0.234
Tajikistan,2016,1.198
Greece,2016,0.943
India,2016,0.711
Peru,2016,0.696
Belize,2016,1.083
Uganda,2016,1.212
Angola,2016,0.455
Morocco,2016,0.707
Colombia,2016,0.228
Turkmenistan,2016,1.027
China,2016,1.376
Malaysia,2016,0.096
Eritrea,2016,1.019
Georgia,2016,0.408
Thailand,2016,1.176
Cuba,2016,1.374
Bosnia and Herzegovina,2016,0.678
Armenia,2016,0.774
Gabon,2016,0.824
Yemen,2016,0.608
Mexico,2016,0.785
Venezuela,2016,1.197
Romania,2016,1.338
Republic of Macedonia,2016,0.889
Syrian Arab Republic,2016,0.685
Lao People's Democ. Republic,2016,0.952
South Africa,2016,1.606
Azerbaijan,2016,1.127
Tunisia,2016,0.479
Namibia,2016,0.779
Hungary,2016,0.914
Turkey,2016,0.775
Botswana,2016,0.964
Nepal,2016,1.422
Lebanon,2016,1.05
Republic of Moldova,2016,1.076
Iran (Islamic Republic of),2016,1.151
Ireland,2016,1.316
Korea Republic of 4.59,2016,0.551
Bolivia,2016,0.436
Jordan,2016,1.15
New Zealand,2016,1.078
Iraq,2016,1.244
Equatorial Guinea,2016,1.201
Italy,2016,1.462
Bulgaria,2016,1.565
Australia,2016,1.523
Bahamas,2016,0.964
Brazil,2016,0.405
Uruguay,2016,-0.154
Croatia,2016,-0.713
Libyan Arab Jamahiriya,2016,1.355
United States,2016,0.622
Russia,2016,2.32
Argentina,2016,1.97
Kazakhstan,2016,2.01
United Kingdom,2016,1.433
Paraguay,2016,2.392
Portugal,2016,2.615
Slovenia,2016,2.631
Austria,2016,1.417
Slovakia,2016,1.577
Czech Republic,2016,0.767
Latvia,2016,0.905
Kuwait,2016,1.308
Poland,2016,1.362
Belarus,2016,1.677
Mongolia,2016,2.115
Belgium,2016,0.863
Spain,2016,1.25
Canada,2016,1.95
Ukraine,2016,1.213
Germany,2016,0.574
Lithuania,2016,0.788
Denmark,2016,0.79
Cyprus,2016,0.926
Oman,2016,1.159
France,2016,1.304
Seychelles,2016,1.044
Luxembourg,2016,0.904
Switzerland,2016,1.054
Estonia,2016,1.432
Israel,2016,0.999
Egypt,2016,1.402
Singapore,2016,1.332
Finland,2016,1.186
Norway,2016,1.575
Sweden,2016,2.005
United Arab Emirates,2016,1.504
Kiribati,2016,1.868
Bahrain,2016,1.981
Iceland,2016,1.819
Grenada,2016,1.715
Barbados,2016,2.155
Saudi Arabia,2016,0.347
Malta,2016,0.419
Qatar,2016,0.522
